=== ohpm install ===
[32minstall completed in 0s 112ms[39m
=== hvigorw assembleHap ===
> hvigor [32mUP-TO-DATE :entry:default@PreBuild...  [39m
> hvigor [32mFinished :entry:default@CreateModuleInfo... after 2 ms [39m
> hvigor [32mUP-TO-DATE :entry:default@GenerateMetadata...  [39m
> hvigor [32mFinished :entry:default@ConfigureCmake... after 3 ms [39m
> hvigor [32mUP-TO-DATE :entry:default@MergeProfile...  [39m
> hvigor [32mUP-TO-DATE :entry:default@CreateBuildProfile...  [39m
> hvigor [32mFinished :entry:default@PreCheckSyscap... after 1 ms [39m
> hvigor [32mFinished :entry:default@ProcessIntegratedHsp... after 2 ms [39m
> hvigor [32mFinished :entry:default@BuildNativeWithCmake... after 82 ms [39m
> hvigor [32mUP-TO-DATE :entry:default@MakePackInfo...  [39m
> hvigor [32mFinished :entry:default@SyscapTransform... after 11 ms [39m
> hvigor [32mUP-TO-DATE :entry:default@GeneratePkgContextInfo...  [39m
> hvigor [32mUP-TO-DATE :entry:default@ProcessProfile...  [39m
> hvigor [32mUP-TO-DATE :entry:default@ProcessRouterMap...  [39m
> hvigor [32mUP-TO-DATE :entry:default@ProcessShareConfig...  [39m
> hvigor [32mFinished :entry:default@ProcessStartupConfig... after 5 ms [39m
> hvigor [32mUP-TO-DATE :entry:default@ProcessResource...  [39m
> hvigor [32mUP-TO-DATE :entry:default@GenerateLoaderJson...  [39m
> hvigor [32mUP-TO-DATE :entry:default@CompileResource...  [39m
> hvigor [32mFinished :entry:default@BuildJS... after 8 ms [39m
> hvigor [32mFinished :entry:default@BuildNativeWithNinja... after 300 ms [39m
> hvigor [32mUP-TO-DATE :entry:default@ProcessLibs...  [39m
> hvigor [32mUP-TO-DATE :entry:default@DoNativeStrip...  [39m
> hvigor [32mUP-TO-DATE :entry:default@CacheNativeLibs...  [39m
> hvigor [91mERROR: Failed :entry:default@CompileArkTS... [39m
> hvigor [33mWARN: 
[33m1 WARN: [33m[33mArkTS:WARN: For details about ArkTS syntax errors, see FAQs[39m[39m
[33m2 WARN: [33m[33mArkTS:WARN File: D:/DevEcoProjects/ColorOfToday/entry/src/main/ets/manager/DailyColorManager.ets:46:23
 Function may throw exceptions. Special handling is required.
[39m[39m
[33m3 WARN: [33m[33mArkTS:WARN File: D:/DevEcoProjects/ColorOfToday/entry/src/main/ets/manager/DailyColorManager.ets:49:29
 Function may throw exceptions. Special handling is required.
[39m[39m
[33m4 WARN: [33m[33mArkTS:WARN File: D:/DevEcoProjects/ColorOfToday/entry/src/main/ets/manager/DailyColorManager.ets:50:30
 Function may throw exceptions. Special handling is required.
[39m[39m
[33m5 WARN: [33m[33mArkTS:WARN File: D:/DevEcoProjects/ColorOfToday/entry/src/main/ets/manager/DailyColorManager.ets:58:13
 Function may throw exceptions. Special handling is required.
[39m[39m
[33m6 WARN: [33m[33mArkTS:WARN File: D:/DevEcoProjects/ColorOfToday/entry/src/main/ets/manager/DailyColorManager.ets:59:13
 Function may throw exceptions. Special handling is required.
[39m[39m
[33m7 WARN: [33m[33mArkTS:WARN File: D:/DevEcoProjects/ColorOfToday/entry/src/main/ets/manager/DailyColorManager.ets:60:13
 Function may throw exceptions. Special handling is required.
[39m[39m
[33m8 WARN: [33m[33mArkTS:WARN File: D:/DevEcoProjects/ColorOfToday/entry/src/main/ets/manager/DailyColorManager.ets:82:23
 Function may throw exceptions. Special handling is required.
[39m[39m
[33m9 WARN: [33m[33mArkTS:WARN File: D:/DevEcoProjects/ColorOfToday/entry/src/main/ets/manager/DailyColorManager.ets:84:25
 Function may throw exceptions. Special handling is required.
[39m[39m
[33m10 WARN: [33m[33mArkTS:WARN File: D:/DevEcoProjects/ColorOfToday/entry/src/main/ets/manager/DailyColorManager.ets:85:25
 Function may throw exceptions. Special handling is required.
[39m[39m
[33m11 WARN: [33m[33mArkTS:WARN File: D:/DevEcoProjects/ColorOfToday/entry/src/main/ets/manager/DailyColorManager.ets:86:25
 Function may throw exceptions. Special handling is required.
[39m[39m
[33m12 WARN: [33m[33mArkTS:WARN File: D:/DevEcoProjects/ColorOfToday/entry/src/main/ets/manager/DailyColorManager.ets:87:26
 Function may throw exceptions. Special handling is required.
[39m[39m
[33m13 WARN: [33m[33mArkTS:WARN File: D:/DevEcoProjects/ColorOfToday/entry/src/main/ets/manager/DailyColorManager.ets:88:27
 Function may throw exceptions. Special handling is required.
[39m[39m
[33m14 WARN: [33m[33mArkTS:WARN File: D:/DevEcoProjects/ColorOfToday/entry/src/main/ets/manager/DailyColorManager.ets:107:25
 Function may throw exceptions. Special handling is required.
[39m[39m
[33m15 WARN: [33m[33mArkTS:WARN File: D:/DevEcoProjects/ColorOfToday/entry/src/main/ets/manager/DailyColorManager.ets:110:11
 Function may throw exceptions. Special handling is required.
[39m[39m
[33m16 WARN: [33m[33mArkTS:WARN File: D:/DevEcoProjects/ColorOfToday/entry/src/main/ets/manager/DailyColorManager.ets:111:11
 Function may throw exceptions. Special handling is required.
[39m[39m
[33m17 WARN: [33m[33mArkTS:WARN File: D:/DevEcoProjects/ColorOfToday/entry/src/main/ets/manager/DailyColorManager.ets:112:11
 Function may throw exceptions. Special handling is required.
[39m[39m
[33m18 WARN: [33m[33mArkTS:WARN File: D:/DevEcoProjects/ColorOfToday/entry/src/main/ets/manager/DailyColorManager.ets:113:11
 Function may throw exceptions. Special handling is required.
[39m[39m
[33m19 WARN: [33m[33mArkTS:WARN File: D:/DevEcoProjects/ColorOfToday/entry/src/main/ets/manager/DailyColorManager.ets:114:11
 Function may throw exceptions. Special handling is required.
[39m[39m
[33m20 WARN: [33m[33mArkTS:WARN File: D:/DevEcoProjects/ColorOfToday/entry/src/main/ets/manager/DailyColorManager.ets:115:11
 Function may throw exceptions. Special handling is required.
[39m[39m
[33m21 WARN: [33m[33mArkTS:WARN File: D:/DevEcoProjects/ColorOfToday/entry/src/main/ets/manager/DailyColorManager.ets:116:11
 Function may throw exceptions. Special handling is required.
[39m[39m
[33m22 WARN: [33m[33mArkTS:WARN File: D:/DevEcoProjects/ColorOfToday/entry/src/main/ets/manager/DailyColorManager.ets:123:13
 Function may throw exceptions. Special handling is required.
[39m[39m
[33m23 WARN: [33m[33mArkTS:WARN File: D:/DevEcoProjects/ColorOfToday/entry/src/main/ets/manager/DailyColorManager.ets:124:13
 Function may throw exceptions. Special handling is required.
[39m[39m
[33m24 WARN: [33m[33mArkTS:WARN File: D:/DevEcoProjects/ColorOfToday/entry/src/main/ets/model/PhotoDao.ets:74:24
 Function may throw exceptions. Special handling is required.
[39m[39m
[33m25 WARN: [33m[33mArkTS:WARN File: D:/DevEcoProjects/ColorOfToday/entry/src/main/ets/model/PhotoDao.ets:75:11
 Function may throw exceptions. Special handling is required.
[39m[39m
[33m26 WARN: [33m[33mArkTS:WARN File: D:/DevEcoProjects/ColorOfToday/entry/src/main/ets/model/PhotoDao.ets:76:11
 Function may throw exceptions. Special handling is required.
[39m[39m
[33m27 WARN: [33m[33mArkTS:WARN File: D:/DevEcoProjects/ColorOfToday/entry/src/main/ets/model/PhotoDao.ets:77:11
 Function may throw exceptions. Special handling is required.
[39m[39m
[33m28 WARN: [33m[33mArkTS:WARN File: D:/DevEcoProjects/ColorOfToday/entry/src/main/ets/model/PhotoDao.ets:78:11
 Function may throw exceptions. Special handling is required.
[39m[39m
[33m29 WARN: [33m[33mArkTS:WARN File: D:/DevEcoProjects/ColorOfToday/entry/src/main/ets/model/PhotoDao.ets:87:11
 Function may throw exceptions. Special handling is required.
[39m[39m
[33m30 WARN: [33m[33mArkTS:WARN File: D:/DevEcoProjects/ColorOfToday/entry/src/main/ets/model/PhotoDao.ets:100:29
 Function may throw exceptions. Special handling is required.
[39m[39m
[33m31 WARN: [33m[33mArkTS:WARN File: D:/DevEcoProjects/ColorOfToday/entry/src/main/ets/model/PhotoDao.ets:102:14
 Function may throw exceptions. Special handling is required.
[39m[39m
[33m32 WARN: [33m[33mArkTS:WARN File: D:/DevEcoProjects/ColorOfToday/entry/src/main/ets/model/PhotoDao.ets:103:17
 Function may throw exceptions. Special handling is required.
[39m[39m
[33m33 WARN: [33m[33mArkTS:WARN File: D:/DevEcoProjects/ColorOfToday/entry/src/main/ets/model/PhotoDao.ets:103:37
 Function may throw exceptions. Special handling is required.
[39m[39m
[33m34 WARN: [33m[33mArkTS:WARN File: D:/DevEcoProjects/ColorOfToday/entry/src/main/ets/model/PhotoDao.ets:104:11
 Function may throw exceptions. Special handling is required.
[39m[39m
[33m35 WARN: [33m[33mArkTS:WARN File: D:/DevEcoProjects/ColorOfToday/entry/src/main/ets/model/PhotoDao.ets:104:31
 Function may throw exceptions. Special handling is required.
[39m[39m
[33m36 WARN: [33m[33mArkTS:WARN File: D:/DevEcoProjects/ColorOfToday/entry/src/main/ets/model/PhotoDao.ets:107:7
 Function may throw exceptions. Special handling is required.
[39m[39m
[33m37 WARN: [33m[33mArkTS:WARN File: D:/DevEcoProjects/ColorOfToday/entry/src/main/ets/model/PhotoDao.ets:119:29
 Function may throw exceptions. Special handling is required.
[39m[39m
[33m38 WARN: [33m[33mArkTS:WARN File: D:/DevEcoProjects/ColorOfToday/entry/src/main/ets/model/PhotoDao.ets:122:14
 Function may throw exceptions. Special handling is required.
[39m[39m
[33m39 WARN: [33m[33mArkTS:WARN File: D:/DevEcoProjects/ColorOfToday/entry/src/main/ets/model/PhotoDao.ets:126:7
 Function may throw exceptions. Special handling is required.
[39m[39m
[33m40 WARN: [33m[33mArkTS:WARN File: D:/DevEcoProjects/ColorOfToday/entry/src/main/ets/model/PhotoDao.ets:146:12
 Function may throw exceptions. Special handling is required.
[39m[39m
[33m41 WARN: [33m[33mArkTS:WARN File: D:/DevEcoProjects/ColorOfToday/entry/src/main/ets/model/PhotoDao.ets:156:29
 Function may throw exceptions. Special handling is required.
[39m[39m
[33m42 WARN: [33m[33mArkTS:WARN File: D:/DevEcoProjects/ColorOfToday/entry/src/main/ets/model/PhotoDao.ets:159:14
 Function may throw exceptions. Special handling is required.
[39m[39m
[33m43 WARN: [33m[33mArkTS:WARN File: D:/DevEcoProjects/ColorOfToday/entry/src/main/ets/model/PhotoDao.ets:163:7
 Function may throw exceptions. Special handling is required.
[39m[39m
[33m44 WARN: [33m[33mArkTS:WARN File: D:/DevEcoProjects/ColorOfToday/entry/src/main/ets/model/PhotoDao.ets:175:29
 Function may throw exceptions. Special handling is required.
[39m[39m
[33m45 WARN: [33m[33mArkTS:WARN File: D:/DevEcoProjects/ColorOfToday/entry/src/main/ets/model/PhotoDao.ets:178:11
 Function may throw exceptions. Special handling is required.
[39m[39m
[33m46 WARN: [33m[33mArkTS:WARN File: D:/DevEcoProjects/ColorOfToday/entry/src/main/ets/model/PhotoDao.ets:182:7
 Function may throw exceptions. Special handling is required.
[39m[39m
[33m47 WARN: [33m[33mArkTS:WARN File: D:/DevEcoProjects/ColorOfToday/entry/src/main/ets/model/PhotoDao.ets:194:29
 Function may throw exceptions. Special handling is required.
[39m[39m
[33m48 WARN: [33m[33mArkTS:WARN File: D:/DevEcoProjects/ColorOfToday/entry/src/main/ets/model/PhotoDao.ets:196:5
 Function may throw exceptions. Special handling is required.
[39m[39m
[33m49 WARN: [33m[33mArkTS:WARN File: D:/DevEcoProjects/ColorOfToday/entry/src/main/ets/model/PhotoDao.ets:207:32
 Function may throw exceptions. Special handling is required.
[39m[39m
[33m50 WARN: [33m[33mArkTS:WARN File: D:/DevEcoProjects/ColorOfToday/entry/src/main/ets/model/PhotoDao.ets:216:11
 Function may throw exceptions. Special handling is required.
[39m[39m
[33m51 WARN: [33m[33mArkTS:WARN File: D:/DevEcoProjects/ColorOfToday/entry/src/main/ets/model/PhotoDao.ets:225:11
 Function may throw exceptions. Special handling is required.
[39m[39m
[33m52 WARN: [33m[33mArkTS:WARN File: D:/DevEcoProjects/ColorOfToday/entry/src/main/ets/model/PhotoDao.ets:237:29
 Function may throw exceptions. Special handling is required.
[39m[39m
[33m53 WARN: [33m[33mArkTS:WARN File: D:/DevEcoProjects/ColorOfToday/entry/src/main/ets/model/PhotoDao.ets:239:14
 Function may throw exceptions. Special handling is required.
[39m[39m
[33m54 WARN: [33m[33mArkTS:WARN File: D:/DevEcoProjects/ColorOfToday/entry/src/main/ets/model/PhotoDao.ets:240:17
 Function may throw exceptions. Special handling is required.
[39m[39m
[33m55 WARN: [33m[33mArkTS:WARN File: D:/DevEcoProjects/ColorOfToday/entry/src/main/ets/model/PhotoDao.ets:240:37
 Function may throw exceptions. Special handling is required.
[39m[39m
[33m56 WARN: [33m[33mArkTS:WARN File: D:/DevEcoProjects/ColorOfToday/entry/src/main/ets/model/PhotoDao.ets:241:11
 Function may throw exceptions. Special handling is required.
[39m[39m
[33m57 WARN: [33m[33mArkTS:WARN File: D:/DevEcoProjects/ColorOfToday/entry/src/main/ets/model/PhotoDao.ets:241:29
 Function may throw exceptions. Special handling is required.
[39m[39m
[33m58 WARN: [33m[33mArkTS:WARN File: D:/DevEcoProjects/ColorOfToday/entry/src/main/ets/model/PhotoDao.ets:244:7
 Function may throw exceptions. Special handling is required.
[39m[39m
[33m59 WARN: [33m[33mArkTS:WARN File: D:/DevEcoProjects/ColorOfToday/entry/src/main/ets/model/PhotoDao.ets:256:29
 Function may throw exceptions. Special handling is required.
[39m[39m
[33m60 WARN: [33m[33mArkTS:WARN File: D:/DevEcoProjects/ColorOfToday/entry/src/main/ets/model/PhotoDao.ets:259:11
 Function may throw exceptions. Special handling is required.
[39m[39m
[33m61 WARN: [33m[33mArkTS:WARN File: D:/DevEcoProjects/ColorOfToday/entry/src/main/ets/model/PhotoDao.ets:263:7
 Function may throw exceptions. Special handling is required.
[39m[39m
[33m62 WARN: [33m[33mArkTS:WARN File: D:/DevEcoProjects/ColorOfToday/entry/src/main/ets/model/PhotoDao.ets:277:29
 Function may throw exceptions. Special handling is required.
[39m[39m
[33m63 WARN: [33m[33mArkTS:WARN File: D:/DevEcoProjects/ColorOfToday/entry/src/main/ets/model/PhotoDao.ets:279:5
 Function may throw exceptions. Special handling is required.
[39m[39m
[33m64 WARN: [33m[33mArkTS:WARN File: D:/DevEcoProjects/ColorOfToday/entry/src/main/ets/model/PhotoDao.ets:290:29
 Function may throw exceptions. Special handling is required.
[39m[39m
[33m65 WARN: [33m[33mArkTS:WARN File: D:/DevEcoProjects/ColorOfToday/entry/src/main/ets/model/PhotoDao.ets:293:11
 Function may throw exceptions. Special handling is required.
[39m[39m
[33m66 WARN: [33m[33mArkTS:WARN File: D:/DevEcoProjects/ColorOfToday/entry/src/main/ets/model/PhotoDao.ets:294:16
 Function may throw exceptions. Special handling is required.
[39m[39m
[33m67 WARN: [33m[33mArkTS:WARN File: D:/DevEcoProjects/ColorOfToday/entry/src/main/ets/model/PhotoDao.ets:294:36
 Function may throw exceptions. Special handling is required.
[39m[39m
[33m68 WARN: [33m[33mArkTS:WARN File: D:/DevEcoProjects/ColorOfToday/entry/src/main/ets/model/PhotoDao.ets:297:7
 Function may throw exceptions. Special handling is required.
[39m[39m
[33m69 WARN: [33m[33mArkTS:WARN File: D:/DevEcoProjects/ColorOfToday/entry/src/main/ets/model/PhotoDao.ets:310:29
 Function may throw exceptions. Special handling is required.
[39m[39m
[33m70 WARN: [33m[33mArkTS:WARN File: D:/DevEcoProjects/ColorOfToday/entry/src/main/ets/model/PhotoDao.ets:312:5
 Function may throw exceptions. Special handling is required.
[39m[39m
[33m71 WARN: [33m[33mArkTS:WARN File: D:/DevEcoProjects/ColorOfToday/entry/src/main/ets/model/PhotoDao.ets:321:29
 Function may throw exceptions. Special handling is required.
[39m[39m
[33m72 WARN: [33m[33mArkTS:WARN File: D:/DevEcoProjects/ColorOfToday/entry/src/main/ets/model/PhotoDao.ets:325:11
 Function may throw exceptions. Special handling is required.
[39m[39m
[33m73 WARN: [33m[33mArkTS:WARN File: D:/DevEcoProjects/ColorOfToday/entry/src/main/ets/model/PhotoDao.ets:326:17
 Function may throw exceptions. Special handling is required.
[39m[39m
[33m74 WARN: [33m[33mArkTS:WARN File: D:/DevEcoProjects/ColorOfToday/entry/src/main/ets/model/PhotoDao.ets:326:35
 Function may throw exceptions. Special handling is required.
[39m[39m
[33m75 WARN: [33m[33mArkTS:WARN File: D:/DevEcoProjects/ColorOfToday/entry/src/main/ets/model/PhotoDao.ets:329:7
 Function may throw exceptions. Special handling is required.
[39m[39m
[33m76 WARN: [33m[33mArkTS:WARN File: D:/DevEcoProjects/ColorOfToday/entry/src/main/ets/model/PhotoDao.ets:340:29
 Function may throw exceptions. Special handling is required.
[39m[39m
[33m77 WARN: [33m[33mArkTS:WARN File: D:/DevEcoProjects/ColorOfToday/entry/src/main/ets/model/PhotoDao.ets:342:5
 Function may throw exceptions. Special handling is required.
[39m[39m
[33m78 WARN: [33m[33mArkTS:WARN File: D:/DevEcoProjects/ColorOfToday/entry/src/main/ets/model/PhotoDao.ets:348:11
 Function may throw exceptions. Special handling is required.
[39m[39m
[33m79 WARN: [33m[33mArkTS:WARN File: D:/DevEcoProjects/ColorOfToday/entry/src/main/ets/model/PhotoDao.ets:348:22
 Function may throw exceptions. Special handling is required.
[39m[39m
[33m80 WARN: [33m[33mArkTS:WARN File: D:/DevEcoProjects/ColorOfToday/entry/src/main/ets/model/PhotoDao.ets:349:12
 Function may throw exceptions. Special handling is required.
[39m[39m
[33m81 WARN: [33m[33mArkTS:WARN File: D:/DevEcoProjects/ColorOfToday/entry/src/main/ets/model/PhotoDao.ets:349:25
 Function may throw exceptions. Special handling is required.
[39m[39m
[33m82 WARN: [33m[33mArkTS:WARN File: D:/DevEcoProjects/ColorOfToday/entry/src/main/ets/model/PhotoDao.ets:350:18
 Function may throw exceptions. Special handling is required.
[39m[39m
[33m83 WARN: [33m[33mArkTS:WARN File: D:/DevEcoProjects/ColorOfToday/entry/src/main/ets/model/PhotoDao.ets:350:31
 Function may throw exceptions. Special handling is required.
[39m[39m
[33m84 WARN: [33m[33mArkTS:WARN File: D:/DevEcoProjects/ColorOfToday/entry/src/main/ets/model/PhotoDao.ets:351:16
 Function may throw exceptions. Special handling is required.
[39m[39m
[33m85 WARN: [33m[33mArkTS:WARN File: D:/DevEcoProjects/ColorOfToday/entry/src/main/ets/model/PhotoDao.ets:351:29
 Function may throw exceptions. Special handling is required.
[39m[39m
[33m86 WARN: [33m[33mArkTS:WARN File: D:/DevEcoProjects/ColorOfToday/entry/src/main/ets/model/PhotoDao.ets:352:18
 Function may throw exceptions. Special handling is required.
[39m[39m
[33m87 WARN: [33m[33mArkTS:WARN File: D:/DevEcoProjects/ColorOfToday/entry/src/main/ets/model/PhotoDao.ets:352:31
 Function may throw exceptions. Special handling is required.
[39m[39m
[33m88 WARN: [33m[33mArkTS:WARN File: D:/DevEcoProjects/ColorOfToday/entry/src/main/ets/model/PhotoDao.ets:353:17
 Function may throw exceptions. Special handling is required.
[39m[39m
[33m89 WARN: [33m[33mArkTS:WARN File: D:/DevEcoProjects/ColorOfToday/entry/src/main/ets/model/PhotoDao.ets:353:30
 Function may throw exceptions. Special handling is required.
[39m[39m
[33m90 WARN: [33m[33mArkTS:WARN File: D:/DevEcoProjects/ColorOfToday/entry/src/main/ets/model/PhotoDao.ets:354:14
 Function may throw exceptions. Special handling is required.
[39m[39m
[33m91 WARN: [33m[33mArkTS:WARN File: D:/DevEcoProjects/ColorOfToday/entry/src/main/ets/model/PhotoDao.ets:354:25
 Function may throw exceptions. Special handling is required.
[39m[39m
[33m92 WARN: [33m[33mArkTS:WARN File: D:/DevEcoProjects/ColorOfToday/entry/src/main/ets/model/PhotoDao.ets:355:15
 Function may throw exceptions. Special handling is required.
[39m[39m
[33m93 WARN: [33m[33mArkTS:WARN File: D:/DevEcoProjects/ColorOfToday/entry/src/main/ets/model/PhotoDao.ets:355:26
 Function may throw exceptions. Special handling is required.
[39m[39m
[33m94 WARN: [33m[33mArkTS:WARN File: D:/DevEcoProjects/ColorOfToday/entry/src/main/ets/model/PhotoDao.ets:356:18
 Function may throw exceptions. Special handling is required.
[39m[39m
[33m95 WARN: [33m[33mArkTS:WARN File: D:/DevEcoProjects/ColorOfToday/entry/src/main/ets/model/PhotoDao.ets:356:29
 Function may throw exceptions. Special handling is required.
[39m[39m
[33m96 WARN: [33m[33mArkTS:WARN File: D:/DevEcoProjects/ColorOfToday/entry/src/main/ets/service/CameraService.ets:23:26
 Function may throw exceptions. Special handling is required.
[39m[39m
[33m97 WARN: [33m[33mArkTS:WARN File: D:/DevEcoProjects/ColorOfToday/entry/src/main/ets/service/CameraService.ets:101:40
 'getSupportedOutputCapability' has been deprecated.
[39m[39m
[33m98 WARN: [33m[33mArkTS:WARN File: D:/DevEcoProjects/ColorOfToday/entry/src/main/ets/service/CameraService.ets:122:36
 'createCaptureSession' has been deprecated.
[39m[39m
[33m99 WARN: [33m[33mArkTS:WARN File: D:/DevEcoProjects/ColorOfToday/entry/src/main/ets/service/CameraService.ets:123:20
 'beginConfig' has been deprecated.
[39m[39m
[33m100 WARN: [33m[33mArkTS:WARN File: D:/DevEcoProjects/ColorOfToday/entry/src/main/ets/service/CameraService.ets:124:20
 'addInput' has been deprecated.
[39m[39m
[33m101 WARN: [33m[33mArkTS:WARN File: D:/DevEcoProjects/ColorOfToday/entry/src/main/ets/service/CameraService.ets:125:20
 'addOutput' has been deprecated.
[39m[39m
[33m102 WARN: [33m[33mArkTS:WARN File: D:/DevEcoProjects/ColorOfToday/entry/src/main/ets/service/CameraService.ets:126:26
 'commitConfig' has been deprecated.
[39m[39m
[33m103 WARN: [33m[33mArkTS:WARN File: D:/DevEcoProjects/ColorOfToday/entry/src/main/ets/service/CameraService.ets:127:26
 'start' has been deprecated.
[39m[39m
[33m104 WARN: [33m[33mArkTS:WARN File: D:/DevEcoProjects/ColorOfToday/entry/src/main/ets/service/CameraService.ets:144:20
 'setFocusMode' has been deprecated.
[39m[39m
[33m105 WARN: [33m[33mArkTS:WARN File: D:/DevEcoProjects/ColorOfToday/entry/src/main/ets/service/CameraService.ets:145:20
 'setFocusPoint' has been deprecated.
[39m[39m
[33m106 WARN: [33m[33mArkTS:WARN File: D:/DevEcoProjects/ColorOfToday/entry/src/main/ets/service/CameraService.ets:157:27
 'getZoomRatioRange' has been deprecated.
[39m[39m
[33m107 WARN: [33m[33mArkTS:WARN File: D:/DevEcoProjects/ColorOfToday/entry/src/main/ets/service/CameraService.ets:169:34
 'getZoomRatioRange' has been deprecated.
[39m[39m
[33m108 WARN: [33m[33mArkTS:WARN File: D:/DevEcoProjects/ColorOfToday/entry/src/main/ets/service/CameraService.ets:171:20
 'setZoomRatio' has been deprecated.
[39m[39m
[33m109 WARN: [33m[33mArkTS:WARN File: D:/DevEcoProjects/ColorOfToday/entry/src/main/ets/service/CameraService.ets:180:28
 'stop' has been deprecated.
[39m[39m
[33m110 WARN: [33m[33mArkTS:WARN File: D:/DevEcoProjects/ColorOfToday/entry/src/main/ets/service/CameraService.ets:183:28
 'release' has been deprecated.
[39m[39m
[33m111 WARN: [33m[33mArkTS:WARN File: D:/DevEcoProjects/ColorOfToday/entry/src/main/ets/service/CaptureService.ets:24:32
 To use this API, you need to apply for the permissions: ohos.permission.WRITE_IMAGEVIDEO
[39m[39m
[33m112 WARN: [33m[33mArkTS:WARN File: D:/DevEcoProjects/ColorOfToday/entry/src/main/ets/model/OrientalColor.ets:31:25
 Function may throw exceptions. Special handling is required.
[39m[39m
[33m113 WARN: [33m[33mArkTS:WARN File: D:/DevEcoProjects/ColorOfToday/entry/src/main/ets/pages/Index.ets:81:21
 'getContext' has been deprecated.
[39m[39m
[33m114 WARN: [33m[33mArkTS:WARN File: D:/DevEcoProjects/ColorOfToday/entry/src/main/ets/pages/Index.ets:92:21
 'getContext' has been deprecated.
[39m[39m
[33m115 WARN: [33m[33mArkTS:WARN File: D:/DevEcoProjects/ColorOfToday/entry/src/main/ets/pages/Index.ets:99:7
 'animateTo' has been deprecated.
[39m[39m
[33m116 WARN: [33m[33mArkTS:WARN File: D:/DevEcoProjects/ColorOfToday/entry/src/main/ets/pages/Index.ets:121:7
 'animateTo' has been deprecated.
[39m[39m
[33m117 WARN: [33m[33mArkTS:WARN File: D:/DevEcoProjects/ColorOfToday/entry/src/main/ets/pages/Index.ets:139:21
 'getContext' has been deprecated.
[39m[39m
[33m118 WARN: [33m[33mArkTS:WARN File: D:/DevEcoProjects/ColorOfToday/entry/src/main/ets/pages/Index.ets:196:21
 'getContext' has been deprecated.
[39m[39m
[33m119 WARN: [33m[33mArkTS:WARN File: D:/DevEcoProjects/ColorOfToday/entry/src/main/ets/pages/Index.ets:200:7
 Function may throw exceptions. Special handling is required.
[39m[39m
[33m120 WARN: [33m[33mArkTS:WARN File: D:/DevEcoProjects/ColorOfToday/entry/src/main/ets/pages/Index.ets:200:20
 'showToast' has been deprecated.
[39m[39m
[33m121 WARN: [33m[33mArkTS:WARN File: D:/DevEcoProjects/ColorOfToday/entry/src/main/ets/pages/Index.ets:209:22
 'px2vp' has been deprecated.
[39m[39m
[33m122 WARN: [33m[33mArkTS:WARN File: D:/DevEcoProjects/ColorOfToday/entry/src/main/ets/pages/Index.ets:209:28
 Function may throw exceptions. Special handling is required.
[39m[39m
[33m123 WARN: [33m[33mArkTS:WARN File: D:/DevEcoProjects/ColorOfToday/entry/src/main/ets/pages/Index.ets:210:22
 'px2vp' has been deprecated.
[39m[39m
[33m124 WARN: [33m[33mArkTS:WARN File: D:/DevEcoProjects/ColorOfToday/entry/src/main/ets/pages/Index.ets:210:28
 Function may throw exceptions. Special handling is required.
[39m[39m
[33m125 WARN: [33m[33mArkTS:WARN File: D:/DevEcoProjects/ColorOfToday/entry/src/main/ets/pages/Index.ets:238:7
 Function may throw exceptions. Special handling is required.
[39m[39m
[33m126 WARN: [33m[33mArkTS:WARN File: D:/DevEcoProjects/ColorOfToday/entry/src/main/ets/pages/Index.ets:238:20
 'showToast' has been deprecated.
[39m[39m
[33m127 WARN: [33m[33mArkTS:WARN File: D:/DevEcoProjects/ColorOfToday/entry/src/main/ets/pages/Index.ets:243:7
 Function may throw exceptions. Special handling is required.
[39m[39m
[33m128 WARN: [33m[33mArkTS:WARN File: D:/DevEcoProjects/ColorOfToday/entry/src/main/ets/pages/Index.ets:245:7
 'animateTo' has been deprecated.
[39m[39m
[33m129 WARN: [33m[33mArkTS:WARN File: D:/DevEcoProjects/ColorOfToday/entry/src/main/ets/pages/Index.ets:251:9
 Function may throw exceptions. Special handling is required.
[39m[39m
[33m130 WARN: [33m[33mArkTS:WARN File: D:/DevEcoProjects/ColorOfToday/entry/src/main/ets/pages/Index.ets:251:22
 'showToast' has been deprecated.
[39m[39m
[33m131 WARN: [33m[33mArkTS:WARN File: D:/DevEcoProjects/ColorOfToday/entry/src/main/ets/pages/Index.ets:264:26
 Function may throw exceptions. Special handling is required.
[39m[39m
[33m132 WARN: [33m[33mArkTS:WARN File: D:/DevEcoProjects/ColorOfToday/entry/src/main/ets/pages/Index.ets:264:44
 'get' has been deprecated.
[39m[39m
[33m133 WARN: [33m[33mArkTS:WARN File: D:/DevEcoProjects/ColorOfToday/entry/src/main/ets/pages/Index.ets:266:23
 'getContext' has been deprecated.
[39m[39m
[33m134 WARN: [33m[33mArkTS:WARN File: D:/DevEcoProjects/ColorOfToday/entry/src/main/ets/pages/Index.ets:269:9
 Function may throw exceptions. Special handling is required.
[39m[39m
[33m135 WARN: [33m[33mArkTS:WARN File: D:/DevEcoProjects/ColorOfToday/entry/src/main/ets/pages/Index.ets:269:22
 'showToast' has been deprecated.
[39m[39m
[33m136 WARN: [33m[33mArkTS:WARN File: D:/DevEcoProjects/ColorOfToday/entry/src/main/ets/pages/Index.ets:277:11
 Function may throw exceptions. Special handling is required.
[39m[39m
[33m137 WARN: [33m[33mArkTS:WARN File: D:/DevEcoProjects/ColorOfToday/entry/src/main/ets/pages/Index.ets:277:24
 'showToast' has been deprecated.
[39m[39m
[33m138 WARN: [33m[33mArkTS:WARN File: D:/DevEcoProjects/ColorOfToday/entry/src/main/ets/pages/Index.ets:292:21
 'getContext' has been deprecated.
[39m[39m
[33m139 WARN: [33m[33mArkTS:WARN File: D:/DevEcoProjects/ColorOfToday/entry/src/main/ets/pages/Index.ets:295:7
 Function may throw exceptions. Special handling is required.
[39m[39m
[33m140 WARN: [33m[33mArkTS:WARN File: D:/DevEcoProjects/ColorOfToday/entry/src/main/ets/pages/Index.ets:295:20
 'showToast' has been deprecated.
[39m[39m
[33m141 WARN: [33m[33mArkTS:WARN File: D:/DevEcoProjects/ColorOfToday/entry/src/main/ets/pages/Index.ets:297:7
 Function may throw exceptions. Special handling is required.
[39m[39m
[33m142 WARN: [33m[33mArkTS:WARN File: D:/DevEcoProjects/ColorOfToday/entry/src/main/ets/pages/Index.ets:297:20
 'showToast' has been deprecated.
[39m[39m
[33m143 WARN: [33m[33mArkTS:WARN File: D:/DevEcoProjects/ColorOfToday/entry/src/main/ets/pages/Index.ets:316:21
 'getContext' has been deprecated.
[39m[39m
[33m144 WARN: [33m[33mArkTS:WARN File: D:/DevEcoProjects/ColorOfToday/entry/src/main/ets/pages/Index.ets:318:5
 Function may throw exceptions. Special handling is required.
[39m[39m
[33m145 WARN: [33m[33mArkTS:WARN File: D:/DevEcoProjects/ColorOfToday/entry/src/main/ets/pages/Index.ets:318:18
 'showToast' has been deprecated.
[39m[39m
[33m146 WARN: [33m[33mArkTS:WARN File: D:/DevEcoProjects/ColorOfToday/entry/src/main/ets/pages/Index.ets:323:21
 'getContext' has been deprecated.
[39m[39m
[33m147 WARN: [33m[33mArkTS:WARN File: D:/DevEcoProjects/ColorOfToday/entry/src/main/ets/pages/Index.ets:326:5
 Function may throw exceptions. Special handling is required.
[39m[39m
[33m148 WARN: [33m[33mArkTS:WARN File: D:/DevEcoProjects/ColorOfToday/entry/src/main/ets/pages/Index.ets:326:18
 'showToast' has been deprecated.
[39m[39m
[33m149 WARN: [33m[33mArkTS:WARN File: D:/DevEcoProjects/ColorOfToday/entry/src/main/ets/pages/Index.ets:512:24
 'pushUrl' has been deprecated.
[39m[39m
[33m150 WARN: [33m[33mArkTS:WARN File: D:/DevEcoProjects/ColorOfToday/entry/src/main/ets/pages/Index.ets:522:24
 'pushUrl' has been deprecated.
[39m[39m
[33m151 WARN: [33m[33mArkTS:WARN File: D:/DevEcoProjects/ColorOfToday/entry/src/main/ets/pages/Index.ets:605:22
 'pushUrl' has been deprecated.
[39m[39m
[33m152 WARN: [33m[33mArkTS:WARN File: D:/DevEcoProjects/ColorOfToday/entry/src/main/ets/pages/Index.ets:657:32
 'showToast' has been deprecated.
[39m[39m
[33m153 WARN: [33m[33mArkTS:WARN File: D:/DevEcoProjects/ColorOfToday/entry/src/main/ets/pages/Gallery.ets:24:7
 'animateTo' has been deprecated.
[39m[39m
[33m154 WARN: [33m[33mArkTS:WARN File: D:/DevEcoProjects/ColorOfToday/entry/src/main/ets/pages/Gallery.ets:42:18
 'showToast' has been deprecated.
[39m[39m
[33m155 WARN: [33m[33mArkTS:WARN File: D:/DevEcoProjects/ColorOfToday/entry/src/main/ets/pages/Gallery.ets:58:22
 'back' has been deprecated.
[39m[39m
[33m156 WARN: [33m[33mArkTS:WARN File: D:/DevEcoProjects/ColorOfToday/entry/src/main/ets/pages/Gallery.ets:86:20
 'pushUrl' has been deprecated.
[39m[39m
[33m157 WARN: [33m[33mArkTS:WARN File: D:/DevEcoProjects/ColorOfToday/entry/src/main/ets/pages/TimePalette.ets:45:7
 'animateTo' has been deprecated.
[39m[39m
[33m158 WARN: [33m[33mArkTS:WARN File: D:/DevEcoProjects/ColorOfToday/entry/src/main/ets/pages/TimePalette.ets:101:23
 'getContext' has been deprecated.
[39m[39m
[33m159 WARN: [33m[33mArkTS:WARN File: D:/DevEcoProjects/ColorOfToday/entry/src/main/ets/pages/TimePalette.ets:193:20
 'showToast' has been deprecated.
[39m[39m
[33m160 WARN: [33m[33mArkTS:WARN File: D:/DevEcoProjects/ColorOfToday/entry/src/main/ets/pages/TimePalette.ets:204:23
 'getContext' has been deprecated.
[39m[39m
[33m161 WARN: [33m[33mArkTS:WARN File: D:/DevEcoProjects/ColorOfToday/entry/src/main/ets/pages/TimePalette.ets:221:22
 'showToast' has been deprecated.
[39m[39m
[33m162 WARN: [33m[33mArkTS:WARN File: D:/DevEcoProjects/ColorOfToday/entry/src/main/ets/pages/TimePalette.ets:223:22
 'showToast' has been deprecated.
[39m[39m
[33m163 WARN: [33m[33mArkTS:WARN File: D:/DevEcoProjects/ColorOfToday/entry/src/main/ets/pages/TimePalette.ets:226:20
 'showToast' has been deprecated.
[39m[39m
[33m164 WARN: [33m[33mArkTS:WARN File: D:/DevEcoProjects/ColorOfToday/entry/src/main/ets/pages/TimePalette.ets:248:22
 'back' has been deprecated.
[39m[39m
[33m165 WARN: [33m[33mArkTS:WARN File: D:/DevEcoProjects/ColorOfToday/entry/src/main/ets/pages/TimePalette.ets:452:34
 'showToast' has been deprecated.
[39m[39m
[33m166 WARN: [33m[33mArkTS:WARN File: D:/DevEcoProjects/ColorOfToday/entry/src/main/ets/pages/Collection.ets:152:7
 'animateTo' has been deprecated.
[39m[39m
[33m167 WARN: [33m[33mArkTS:WARN File: D:/DevEcoProjects/ColorOfToday/entry/src/main/ets/pages/Collection.ets:158:21
 'getContext' has been deprecated.
[39m[39m
[33m168 WARN: [33m[33mArkTS:WARN File: D:/DevEcoProjects/ColorOfToday/entry/src/main/ets/pages/Collection.ets:186:22
 'back' has been deprecated.
[39m[39m
[33m169 WARN: [33m[33mArkTS:WARN File: D:/DevEcoProjects/ColorOfToday/entry/src/main/ets/pages/Collection.ets:221:34
 'showToast' has been deprecated.
[39m[39m[39m
> hvigor [91mERROR: 00305015 Rollup Error
Error Message: Unexpected token (Note that you need plugins to import files that are not JavaScript)
. At file: D:\DevEcoProjects\ColorOfToday\entry\src\main\ets\pages\Gallery.ets:29
[31m1 ERROR: [31m10605008 ArkTS Compiler Error
Error Message: Use explicit types instead of "any", "unknown" (arkts-no-any-unknown) At File: D:/DevEcoProjects/ColorOfToday/entry/src/main/ets/service/EchoService.ets:37:9
[39m
[39m
[31m2 ERROR: [31m10605090 ArkTS Compiler Error
Error Message: Function return type inference is limited (arkts-no-implicit-return-types) At File: D:/DevEcoProjects/ColorOfToday/entry/src/main/ets/pages/Gallery.ets:23:5
[39m
[39m
[31m3 ERROR: [31m10605071 ArkTS Compiler Error
Error Message: The comma operator "," is supported only in "for" loops (arkts-no-comma-outside-loops) At File: D:/DevEcoProjects/ColorOfToday/entry/src/main/ets/pages/Gallery.ets:23:16
[39m
[39m
[31m4 ERROR: [31m10605093 ArkTS Compiler Error
Error Message: Using "this" inside stand-alone functions is not supported (arkts-no-standalone-this) At File: D:/DevEcoProjects/ColorOfToday/entry/src/main/ets/pages/Gallery.ets:25:9
[39m
[39m
[31m5 ERROR: [31m10605093 ArkTS Compiler Error
Error Message: Using "this" inside stand-alone functions is not supported (arkts-no-standalone-this) At File: D:/DevEcoProjects/ColorOfToday/entry/src/main/ets/pages/Gallery.ets:25:9
[39m
[39m
[31m6 ERROR: [31m10605038 ArkTS Compiler Error
Error Message: Object literal must correspond to some explicitly declared class or interface (arkts-no-untyped-obj-literals) At File: D:/DevEcoProjects/ColorOfToday/entry/src/main/ets/pages/Gallery.ets:29:42
[39m
[39m
[31m7 ERROR: [31m10605038 ArkTS Compiler Error
Error Message: Object literal must correspond to some explicitly declared class or interface (arkts-no-untyped-obj-literals) At File: D:/DevEcoProjects/ColorOfToday/entry/src/main/ets/pages/Gallery.ets:34:48
[39m
[39m
[31m8 ERROR: [31m10605090 ArkTS Compiler Error
Error Message: Function return type inference is limited (arkts-no-implicit-return-types) At File: D:/DevEcoProjects/ColorOfToday/entry/src/main/ets/pages/Gallery.ets:36:5
[39m
[39m
[31m9 ERROR: [31m10605008 ArkTS Compiler Error
Error Message: Use explicit types instead of "any", "unknown" (arkts-no-any-unknown) At File: D:/DevEcoProjects/ColorOfToday/entry/src/main/ets/pages/Gallery.ets:36:9
[39m
[39m
[31m10 ERROR: [31m10605093 ArkTS Compiler Error
Error Message: Using "this" inside stand-alone functions is not supported (arkts-no-standalone-this) At File: D:/DevEcoProjects/ColorOfToday/entry/src/main/ets/pages/Gallery.ets:126:21
[39m
[39m
[31m11 ERROR: [31m10605093 ArkTS Compiler Error
Error Message: Using "this" inside stand-alone functions is not supported (arkts-no-standalone-this) At File: D:/DevEcoProjects/ColorOfToday/entry/src/main/ets/pages/Gallery.ets:126:21
[39m
[39m
[31m12 ERROR: [31m10605093 ArkTS Compiler Error
Error Message: Using "this" inside stand-alone functions is not supported (arkts-no-standalone-this) At File: D:/DevEcoProjects/ColorOfToday/entry/src/main/ets/pages/Gallery.ets:161:17
[39m
[39m
[31m13 ERROR: [31m10605093 ArkTS Compiler Error
Error Message: Using "this" inside stand-alone functions is not supported (arkts-no-standalone-this) At File: D:/DevEcoProjects/ColorOfToday/entry/src/main/ets/pages/Gallery.ets:173:17
[39m
[39m
[31m14 ERROR: [31m10605999 ArkTS Compiler Error
Error Message: Argument of type 'string | null' is not assignable to parameter of type 'string'.
  Type 'null' is not assignable to type 'string'. At File: D:/DevEcoProjects/ColorOfToday/entry/src/main/ets/pages/TimePalette.ets:136:58
[39m
[39m
[31m15 ERROR: [31m10605999 ArkTS Compiler Error
Error Message: Argument of type 'string | null' is not assignable to parameter of type 'string'.
  Type 'null' is not assignable to type 'string'. At File: D:/DevEcoProjects/ColorOfToday/entry/src/main/ets/pages/TimePalette.ets:231:26
[39m
[39m
[31m16 ERROR: [31m10605090 ArkTS Compiler Error
Error Message: Function return type inference is limited (arkts-no-implicit-return-types) At File: D:/DevEcoProjects/ColorOfToday/entry/src/main/ets/pages/TimePalette.ets:44:5
[39m
[39m
[31m17 ERROR: [31m10605071 ArkTS Compiler Error
Error Message: The comma operator "," is supported only in "for" loops (arkts-no-comma-outside-loops) At File: D:/DevEcoProjects/ColorOfToday/entry/src/main/ets/pages/TimePalette.ets:44:16
[39m
[39m
[31m18 ERROR: [31m10605093 ArkTS Compiler Error
Error Message: Using "this" inside stand-alone functions is not supported (arkts-no-standalone-this) At File: D:/DevEcoProjects/ColorOfToday/entry/src/main/ets/pages/TimePalette.ets:46:9
[39m
[39m
[31m19 ERROR: [31m10605093 ArkTS Compiler Error
Error Message: Using "this" inside stand-alone functions is not supported (arkts-no-standalone-this) At File: D:/DevEcoProjects/ColorOfToday/entry/src/main/ets/pages/TimePalette.ets:46:9
[39m
[39m
[31m20 ERROR: [31m10605008 ArkTS Compiler Error
Error Message: Use explicit types instead of "any", "unknown" (arkts-no-any-unknown) At File: D:/DevEcoProjects/ColorOfToday/entry/src/main/ets/pages/TimePalette.ets:56:11
[39m
[39m
[31m21 ERROR: [31m10605008 ArkTS Compiler Error
Error Message: Use explicit types instead of "any", "unknown" (arkts-no-any-unknown) At File: D:/DevEcoProjects/ColorOfToday/entry/src/main/ets/pages/TimePalette.ets:61:11
[39m
[39m
[31m22 ERROR: [31m10605008 ArkTS Compiler Error
Error Message: Use explicit types instead of "any", "unknown" (arkts-no-any-unknown) At File: D:/DevEcoProjects/ColorOfToday/entry/src/main/ets/pages/TimePalette.ets:62:11
[39m
[39m
[31m23 ERROR: [31m10605008 ArkTS Compiler Error
Error Message: Use explicit types instead of "any", "unknown" (arkts-no-any-unknown) At File: D:/DevEcoProjects/ColorOfToday/entry/src/main/ets/pages/TimePalette.ets:63:11
[39m
[39m
[31m24 ERROR: [31m10605038 ArkTS Compiler Error
Error Message: Object literal must correspond to some explicitly declared class or interface (arkts-no-untyped-obj-literals) At File: D:/DevEcoProjects/ColorOfToday/entry/src/main/ets/pages/TimePalette.ets:66:12
[39m
[39m
[31m25 ERROR: [31m10605008 ArkTS Compiler Error
Error Message: Use explicit types instead of "any", "unknown" (arkts-no-any-unknown) At File: D:/DevEcoProjects/ColorOfToday/entry/src/main/ets/pages/TimePalette.ets:70:11
[39m
[39m
[31m26 ERROR: [31m10605008 ArkTS Compiler Error
Error Message: Use explicit types instead of "any", "unknown" (arkts-no-any-unknown) At File: D:/DevEcoProjects/ColorOfToday/entry/src/main/ets/pages/TimePalette.ets:76:11
[39m
[39m
[31m27 ERROR: [31m10605008 ArkTS Compiler Error
Error Message: Use explicit types instead of "any", "unknown" (arkts-no-any-unknown) At File: D:/DevEcoProjects/ColorOfToday/entry/src/main/ets/pages/TimePalette.ets:82:11
[39m
[39m
[31m28 ERROR: [31m10605008 ArkTS Compiler Error
Error Message: Use explicit types instead of "any", "unknown" (arkts-no-any-unknown) At File: D:/DevEcoProjects/ColorOfToday/entry/src/main/ets/pages/TimePalette.ets:83:11
[39m
[39m
[31m29 ERROR: [31m10605008 ArkTS Compiler Error
Error Message: Use explicit types instead of "any", "unknown" (arkts-no-any-unknown) At File: D:/DevEcoProjects/ColorOfToday/entry/src/main/ets/pages/TimePalette.ets:84:11
[39m
[39m
[31m30 ERROR: [31m10605008 ArkTS Compiler Error
Error Message: Use explicit types instead of "any", "unknown" (arkts-no-any-unknown) At File: D:/DevEcoProjects/ColorOfToday/entry/src/main/ets/pages/TimePalette.ets:90:13
[39m
[39m
[31m31 ERROR: [31m10605008 ArkTS Compiler Error
Error Message: Use explicit types instead of "any", "unknown" (arkts-no-any-unknown) At File: D:/DevEcoProjects/ColorOfToday/entry/src/main/ets/pages/TimePalette.ets:92:13
[39m
[39m
[31m32 ERROR: [31m10605038 ArkTS Compiler Error
Error Message: Object literal must correspond to some explicitly declared class or interface (arkts-no-untyped-obj-literals) At File: D:/DevEcoProjects/ColorOfToday/entry/src/main/ets/pages/TimePalette.ets:98:44
[39m
[39m
[31m33 ERROR: [31m10605038 ArkTS Compiler Error
Error Message: Object literal must correspond to some explicitly declared class or interface (arkts-no-untyped-obj-literals) At File: D:/DevEcoProjects/ColorOfToday/entry/src/main/ets/pages/TimePalette.ets:100:9
[39m
[39m
[31m34 ERROR: [31m10605001 ArkTS Compiler Error
Error Message: Objects with property names that are not identifiers are not supported (arkts-identifiers-as-prop-names) At File: D:/DevEcoProjects/ColorOfToday/entry/src/main/ets/pages/TimePalette.ets:108:28
[39m
[39m
[31m35 ERROR: [31m10605090 ArkTS Compiler Error
Error Message: Function return type inference is limited (arkts-no-implicit-return-types) At File: D:/DevEcoProjects/ColorOfToday/entry/src/main/ets/pages/TimePalette.ets:109:7
[39m
[39m
[31m36 ERROR: [31m10605008 ArkTS Compiler Error
Error Message: Use explicit types instead of "any", "unknown" (arkts-no-any-unknown) At File: D:/DevEcoProjects/ColorOfToday/entry/src/main/ets/pages/TimePalette.ets:109:12
[39m
[39m
[31m37 ERROR: [31m10605008 ArkTS Compiler Error
Error Message: Use explicit types instead of "any", "unknown" (arkts-no-any-unknown) At File: D:/DevEcoProjects/ColorOfToday/entry/src/main/ets/pages/TimePalette.ets:109:23
[39m
[39m
[31m38 ERROR: [31m10605008 ArkTS Compiler Error
Error Message: Use explicit types instead of "any", "unknown" (arkts-no-any-unknown) At File: D:/DevEcoProjects/ColorOfToday/entry/src/main/ets/pages/TimePalette.ets:109:24
[39m
[39m
[31m39 ERROR: [31m10605008 ArkTS Compiler Error
Error Message: Use explicit types instead of "any", "unknown" (arkts-no-any-unknown) At File: D:/DevEcoProjects/ColorOfToday/entry/src/main/ets/pages/TimePalette.ets:109:27
[39m
[39m
[31m40 ERROR: [31m10605008 ArkTS Compiler Error
Error Message: Use explicit types instead of "any", "unknown" (arkts-no-any-unknown) At File: D:/DevEcoProjects/ColorOfToday/entry/src/main/ets/pages/TimePalette.ets:112:13
[39m
[39m
[31m41 ERROR: [31m10605008 ArkTS Compiler Error
Error Message: Use explicit types instead of "any", "unknown" (arkts-no-any-unknown) At File: D:/DevEcoProjects/ColorOfToday/entry/src/main/ets/pages/TimePalette.ets:112:21
[39m
[39m
[31m42 ERROR: [31m10605090 ArkTS Compiler Error
Error Message: Function return type inference is limited (arkts-no-implicit-return-types) At File: D:/DevEcoProjects/ColorOfToday/entry/src/main/ets/pages/TimePalette.ets:121:7
[39m
[39m
[31m43 ERROR: [31m10605008 ArkTS Compiler Error
Error Message: Use explicit types instead of "any", "unknown" (arkts-no-any-unknown) At File: D:/DevEcoProjects/ColorOfToday/entry/src/main/ets/pages/TimePalette.ets:121:12
[39m
[39m
[31m44 ERROR: [31m10605008 ArkTS Compiler Error
Error Message: Use explicit types instead of "any", "unknown" (arkts-no-any-unknown) At File: D:/DevEcoProjects/ColorOfToday/entry/src/main/ets/pages/TimePalette.ets:121:23
[39m
[39m
[31m45 ERROR: [31m10605008 ArkTS Compiler Error
Error Message: Use explicit types instead of "any", "unknown" (arkts-no-any-unknown) At File: D:/DevEcoProjects/ColorOfToday/entry/src/main/ets/pages/TimePalette.ets:121:24
[39m
[39m
[31m46 ERROR: [31m10605008 ArkTS Compiler Error
Error Message: Use explicit types instead of "any", "unknown" (arkts-no-any-unknown) At File: D:/DevEcoProjects/ColorOfToday/entry/src/main/ets/pages/TimePalette.ets:121:27
[39m
[39m
[31m47 ERROR: [31m10605090 ArkTS Compiler Error
Error Message: Function return type inference is limited (arkts-no-implicit-return-types) At File: D:/DevEcoProjects/ColorOfToday/entry/src/main/ets/pages/TimePalette.ets:123:9
[39m
[39m
[31m48 ERROR: [31m10605008 ArkTS Compiler Error
Error Message: Use explicit types instead of "any", "unknown" (arkts-no-any-unknown) At File: D:/DevEcoProjects/ColorOfToday/entry/src/main/ets/pages/TimePalette.ets:123:13
[39m
[39m
[31m49 ERROR: [31m10605008 ArkTS Compiler Error
Error Message: Use explicit types instead of "any", "unknown" (arkts-no-any-unknown) At File: D:/DevEcoProjects/ColorOfToday/entry/src/main/ets/pages/TimePalette.ets:126:15
[39m
[39m
[31m50 ERROR: [31m10605008 ArkTS Compiler Error
Error Message: Use explicit types instead of "any", "unknown" (arkts-no-any-unknown) At File: D:/DevEcoProjects/ColorOfToday/entry/src/main/ets/pages/TimePalette.ets:157:11
[39m
[39m
[31m51 ERROR: [31m10605038 ArkTS Compiler Error
Error Message: Object literal must correspond to some explicitly declared class or interface (arkts-no-untyped-obj-literals) At File: D:/DevEcoProjects/ColorOfToday/entry/src/main/ets/pages/TimePalette.ets:161:43
[39m
[39m
[31m52 ERROR: [31m10605090 ArkTS Compiler Error
Error Message: Function return type inference is limited (arkts-no-implicit-return-types) At File: D:/DevEcoProjects/ColorOfToday/entry/src/main/ets/pages/TimePalette.ets:162:5
[39m
[39m
[31m53 ERROR: [31m10605008 ArkTS Compiler Error
Error Message: Use explicit types instead of "any", "unknown" (arkts-no-any-unknown) At File: D:/DevEcoProjects/ColorOfToday/entry/src/main/ets/pages/TimePalette.ets:162:9
[39m
[39m
[31m54 ERROR: [31m10605008 ArkTS Compiler Error
Error Message: Use explicit types instead of "any", "unknown" (arkts-no-any-unknown) At File: D:/DevEcoProjects/ColorOfToday/entry/src/main/ets/pages/TimePalette.ets:174:11
[39m
[39m
[31m55 ERROR: [31m10605008 ArkTS Compiler Error
Error Message: Use explicit types instead of "any", "unknown" (arkts-no-any-unknown) At File: D:/DevEcoProjects/ColorOfToday/entry/src/main/ets/pages/TimePalette.ets:175:11
[39m
[39m
[31m56 ERROR: [31m10605038 ArkTS Compiler Error
Error Message: Object literal must correspond to some explicitly declared class or interface (arkts-no-untyped-obj-literals) At File: D:/DevEcoProjects/ColorOfToday/entry/src/main/ets/pages/TimePalette.ets:179:43
[39m
[39m
[31m57 ERROR: [31m10605090 ArkTS Compiler Error
Error Message: Function return type inference is limited (arkts-no-implicit-return-types) At File: D:/DevEcoProjects/ColorOfToday/entry/src/main/ets/pages/TimePalette.ets:180:5
[39m
[39m
[31m58 ERROR: [31m10605008 ArkTS Compiler Error
Error Message: Use explicit types instead of "any", "unknown" (arkts-no-any-unknown) At File: D:/DevEcoProjects/ColorOfToday/entry/src/main/ets/pages/TimePalette.ets:180:9
[39m
[39m
[31m59 ERROR: [31m10605008 ArkTS Compiler Error
Error Message: Use explicit types instead of "any", "unknown" (arkts-no-any-unknown) At File: D:/DevEcoProjects/ColorOfToday/entry/src/main/ets/pages/TimePalette.ets:185:13
[39m
[39m
[31m60 ERROR: [31m10605038 ArkTS Compiler Error
Error Message: Object literal must correspond to some explicitly declared class or interface (arkts-no-untyped-obj-literals) At File: D:/DevEcoProjects/ColorOfToday/entry/src/main/ets/pages/TimePalette.ets:199:52
[39m
[39m
[31m61 ERROR: [31m10605090 ArkTS Compiler Error
Error Message: Function return type inference is limited (arkts-no-implicit-return-types) At File: D:/DevEcoProjects/ColorOfToday/entry/src/main/ets/pages/TimePalette.ets:200:5
[39m
[39m
[31m62 ERROR: [31m10605008 ArkTS Compiler Error
Error Message: Use explicit types instead of "any", "unknown" (arkts-no-any-unknown) At File: D:/DevEcoProjects/ColorOfToday/entry/src/main/ets/pages/TimePalette.ets:200:9
[39m
[39m
[31m63 ERROR: [31m10605093 ArkTS Compiler Error
Error Message: Using "this" inside stand-alone functions is not supported (arkts-no-standalone-this) At File: D:/DevEcoProjects/ColorOfToday/entry/src/main/ets/pages/TimePalette.ets:258:15
[39m
[39m
[31m64 ERROR: [31m10605093 ArkTS Compiler Error
Error Message: Using "this" inside stand-alone functions is not supported (arkts-no-standalone-this) At File: D:/DevEcoProjects/ColorOfToday/entry/src/main/ets/pages/TimePalette.ets:259:15
[39m
[39m
[31m65 ERROR: [31m10605093 ArkTS Compiler Error
Error Message: Using "this" inside stand-alone functions is not supported (arkts-no-standalone-this) At File: D:/DevEcoProjects/ColorOfToday/entry/src/main/ets/pages/TimePalette.ets:272:15
[39m
[39m
[31m66 ERROR: [31m10605093 ArkTS Compiler Error
Error Message: Using "this" inside stand-alone functions is not supported (arkts-no-standalone-this) At File: D:/DevEcoProjects/ColorOfToday/entry/src/main/ets/pages/TimePalette.ets:273:15
[39m
[39m
[31m67 ERROR: [31m10605093 ArkTS Compiler Error
Error Message: Using "this" inside stand-alone functions is not supported (arkts-no-standalone-this) At File: D:/DevEcoProjects/ColorOfToday/entry/src/main/ets/pages/TimePalette.ets:284:15
[39m
[39m
[31m68 ERROR: [31m10605093 ArkTS Compiler Error
Error Message: Using "this" inside stand-alone functions is not supported (arkts-no-standalone-this) At File: D:/DevEcoProjects/ColorOfToday/entry/src/main/ets/pages/TimePalette.ets:349:27
[39m
[39m
[31m69 ERROR: [31m10605093 ArkTS Compiler Error
Error Message: Using "this" inside stand-alone functions is not supported (arkts-no-standalone-this) At File: D:/DevEcoProjects/ColorOfToday/entry/src/main/ets/pages/TimePalette.ets:360:40
[39m
[39m
[31m70 ERROR: [31m10605093 ArkTS Compiler Error
Error Message: Using "this" inside stand-alone functions is not supported (arkts-no-standalone-this) At File: D:/DevEcoProjects/ColorOfToday/entry/src/main/ets/pages/TimePalette.ets:366:34
[39m
[39m
[31m71 ERROR: [31m10605093 ArkTS Compiler Error
Error Message: Using "this" inside stand-alone functions is not supported (arkts-no-standalone-this) At File: D:/DevEcoProjects/ColorOfToday/entry/src/main/ets/pages/TimePalette.ets:370:27
[39m
[39m
[31m72 ERROR: [31m10605093 ArkTS Compiler Error
Error Message: Using "this" inside stand-alone functions is not supported (arkts-no-standalone-this) At File: D:/DevEcoProjects/ColorOfToday/entry/src/main/ets/pages/TimePalette.ets:349:27
[39m
[39m
[31m73 ERROR: [31m10605093 ArkTS Compiler Error
Error Message: Using "this" inside stand-alone functions is not supported (arkts-no-standalone-this) At File: D:/DevEcoProjects/ColorOfToday/entry/src/main/ets/pages/TimePalette.ets:370:27
[39m
[39m
[31m74 ERROR: [31m10605093 ArkTS Compiler Error
Error Message: Using "this" inside stand-alone functions is not supported (arkts-no-standalone-this) At File: D:/DevEcoProjects/ColorOfToday/entry/src/main/ets/pages/TimePalette.ets:438:15
[39m
[39m
[31m75 ERROR: [31m10605093 ArkTS Compiler Error
Error Message: Using "this" inside stand-alone functions is not supported (arkts-no-standalone-this) At File: D:/DevEcoProjects/ColorOfToday/entry/src/main/ets/pages/TimePalette.ets:450:21
[39m
[39m
[31m76 ERROR: [31m10605093 ArkTS Compiler Error
Error Message: Using "this" inside stand-alone functions is not supported (arkts-no-standalone-this) At File: D:/DevEcoProjects/ColorOfToday/entry/src/main/ets/pages/TimePalette.ets:464:19
[39m
[39m
[31m77 ERROR: [31m10605090 ArkTS Compiler Error
Error Message: Function return type inference is limited (arkts-no-implicit-return-types) At File: D:/DevEcoProjects/ColorOfToday/entry/src/main/ets/pages/Collection.ets:151:5
[39m
[39m
[31m78 ERROR: [31m10605071 ArkTS Compiler Error
Error Message: The comma operator "," is supported only in "for" loops (arkts-no-comma-outside-loops) At File: D:/DevEcoProjects/ColorOfToday/entry/src/main/ets/pages/Collection.ets:151:16
[39m
[39m
[31m79 ERROR: [31m10605093 ArkTS Compiler Error
Error Message: Using "this" inside stand-alone functions is not supported (arkts-no-standalone-this) At File: D:/DevEcoProjects/ColorOfToday/entry/src/main/ets/pages/Collection.ets:153:9
[39m
[39m
[31m80 ERROR: [31m10605093 ArkTS Compiler Error
Error Message: Using "this" inside stand-alone functions is not supported (arkts-no-standalone-this) At File: D:/DevEcoProjects/ColorOfToday/entry/src/main/ets/pages/Collection.ets:153:9
[39m
[39m
[31m81 ERROR: [31m10605038 ArkTS Compiler Error
Error Message: Object literal must correspond to some explicitly declared class or interface (arkts-no-untyped-obj-literals) At File: D:/DevEcoProjects/ColorOfToday/entry/src/main/ets/pages/Collection.ets:157:39
[39m
[39m
[31m82 ERROR: [31m10605093 ArkTS Compiler Error
Error Message: Using "this" inside stand-alone functions is not supported (arkts-no-standalone-this) At File: D:/DevEcoProjects/ColorOfToday/entry/src/main/ets/pages/Collection.ets:212:27
[39m
[39m
[31m83 ERROR: [31m10605093 ArkTS Compiler Error
Error Message: Using "this" inside stand-alone functions is not supported (arkts-no-standalone-this) At File: D:/DevEcoProjects/ColorOfToday/entry/src/main/ets/pages/Collection.ets:213:27
[39m
[39m
[31m84 ERROR: [31m10605093 ArkTS Compiler Error
Error Message: Using "this" inside stand-alone functions is not supported (arkts-no-standalone-this) At File: D:/DevEcoProjects/ColorOfToday/entry/src/main/ets/pages/Collection.ets:214:24
[39m
[39m
[31m85 ERROR: [31m10605093 ArkTS Compiler Error
Error Message: Using "this" inside stand-alone functions is not supported (arkts-no-standalone-this) At File: D:/DevEcoProjects/ColorOfToday/entry/src/main/ets/pages/Collection.ets:217:23
[39m
[39m
[31m86 ERROR: [31m10605093 ArkTS Compiler Error
Error Message: Using "this" inside stand-alone functions is not supported (arkts-no-standalone-this) At File: D:/DevEcoProjects/ColorOfToday/entry/src/main/ets/pages/Collection.ets:218:21
[39m
[39m
[31m87 ERROR: [31m10605093 ArkTS Compiler Error
Error Message: Using "this" inside stand-alone functions is not supported (arkts-no-standalone-this) At File: D:/DevEcoProjects/ColorOfToday/entry/src/main/ets/pages/Collection.ets:219:21
[39m
[39m
[31m88 ERROR: [31m10605093 ArkTS Compiler Error
Error Message: Using "this" inside stand-alone functions is not supported (arkts-no-standalone-this) At File: D:/DevEcoProjects/ColorOfToday/entry/src/main/ets/pages/Collection.ets:219:40
[39m
[39m
[31m89 ERROR: [31m10605093 ArkTS Compiler Error
Error Message: Using "this" inside stand-alone functions is not supported (arkts-no-standalone-this) At File: D:/DevEcoProjects/ColorOfToday/entry/src/main/ets/pages/Collection.ets:217:23
[39m
[39m
[31m90 ERROR: [31m10605093 ArkTS Compiler Error
Error Message: Using "this" inside stand-alone functions is not supported (arkts-no-standalone-this) At File: D:/DevEcoProjects/ColorOfToday/entry/src/main/ets/pages/Collection.ets:218:21
[39m
[39m
[31m91 ERROR: [31m10605093 ArkTS Compiler Error
Error Message: Using "this" inside stand-alone functions is not supported (arkts-no-standalone-this) At File: D:/DevEcoProjects/ColorOfToday/entry/src/main/ets/pages/Collection.ets:219:21
[39m
[39m
[31m92 ERROR: [31m10605093 ArkTS Compiler Error
Error Message: Using "this" inside stand-alone functions is not supported (arkts-no-standalone-this) At File: D:/DevEcoProjects/ColorOfToday/entry/src/main/ets/pages/Collection.ets:219:40
[39m
[39m
[31m93 ERROR: [31m10605093 ArkTS Compiler Error
Error Message: Using "this" inside stand-alone functions is not supported (arkts-no-standalone-this) At File: D:/DevEcoProjects/ColorOfToday/entry/src/main/ets/pages/Collection.ets:249:15
[39m
[39m
[31m94 ERROR: [31m10505001 ArkTS Compiler Error
Error Message: Parameter declaration expected. At File: D:/DevEcoProjects/ColorOfToday/entry/src/main/ets/pages/Collection.ets:151:16
[39m
[39m
[31m95 ERROR: [31m10505001 ArkTS Compiler Error
Error Message: ';' expected. At File: D:/DevEcoProjects/ColorOfToday/entry/src/main/ets/pages/Collection.ets:155:10
[39m
[39m
[31m96 ERROR: [31m10505001 ArkTS Compiler Error
Error Message: Declaration or statement expected. At File: D:/DevEcoProjects/ColorOfToday/entry/src/main/ets/pages/Collection.ets:157:3
[39m
[39m
[31m97 ERROR: [31m10505001 ArkTS Compiler Error
Error Message: Unexpected keyword or identifier. At File: D:/DevEcoProjects/ColorOfToday/entry/src/main/ets/pages/Collection.ets:157:11
[39m
[39m
[31m98 ERROR: [31m10505001 ArkTS Compiler Error
Error Message: ';' expected. At File: D:/DevEcoProjects/ColorOfToday/entry/src/main/ets/pages/Collection.ets:157:23
[39m
[39m
[31m99 ERROR: [31m10505001 ArkTS Compiler Error
Error Message: Expression expected. At File: D:/DevEcoProjects/ColorOfToday/entry/src/main/ets/pages/Collection.ets:157:37
[39m
[39m
[31m100 ERROR: [31m10505001 ArkTS Compiler Error
Error Message: ':' expected. At File: D:/DevEcoProjects/ColorOfToday/entry/src/main/ets/pages/Collection.ets:158:11
[39m
[39m
[31m101 ERROR: [31m10505001 ArkTS Compiler Error
Error Message: ',' expected. At File: D:/DevEcoProjects/ColorOfToday/entry/src/main/ets/pages/Collection.ets:158:37
[39m
[39m
[31m102 ERROR: [31m10505001 ArkTS Compiler Error
Error Message: ':' expected. At File: D:/DevEcoProjects/ColorOfToday/entry/src/main/ets/pages/Collection.ets:159:11
[39m
[39m
[31m103 ERROR: [31m10505001 ArkTS Compiler Error
Error Message: ',' expected. At File: D:/DevEcoProjects/ColorOfToday/entry/src/main/ets/pages/Collection.ets:159:47
[39m
[39m
[31m104 ERROR: [31m10505001 ArkTS Compiler Error
Error Message: ':' expected. At File: D:/DevEcoProjects/ColorOfToday/entry/src/main/ets/pages/Collection.ets:160:11
[39m
[39m
[31m105 ERROR: [31m10505001 ArkTS Compiler Error
Error Message: ',' expected. At File: D:/DevEcoProjects/ColorOfToday/entry/src/main/ets/pages/Collection.ets:160:65
[39m
[39m
[31m106 ERROR: [31m10505001 ArkTS Compiler Error
Error Message: ':' expected. At File: D:/DevEcoProjects/ColorOfToday/entry/src/main/ets/pages/Collection.ets:161:9
[39m
[39m
[31m107 ERROR: [31m10505001 ArkTS Compiler Error
Error Message: ',' expected. At File: D:/DevEcoProjects/ColorOfToday/entry/src/main/ets/pages/Collection.ets:161:30
[39m
[39m
[31m108 ERROR: [31m10505001 ArkTS Compiler Error
Error Message: ':' expected. At File: D:/DevEcoProjects/ColorOfToday/entry/src/main/ets/pages/Collection.ets:162:9
[39m
[39m
[31m109 ERROR: [31m10505001 ArkTS Compiler Error
Error Message: ',' expected. At File: D:/DevEcoProjects/ColorOfToday/entry/src/main/ets/pages/Collection.ets:162:33
[39m
[39m
[31m110 ERROR: [31m10505001 ArkTS Compiler Error
Error Message: ':' expected. At File: D:/DevEcoProjects/ColorOfToday/entry/src/main/ets/pages/Collection.ets:163:9
[39m
[39m
[31m111 ERROR: [31m10505001 ArkTS Compiler Error
Error Message: ',' expected. At File: D:/DevEcoProjects/ColorOfToday/entry/src/main/ets/pages/Collection.ets:163:44
[39m
[39m
[31m112 ERROR: [31m10505001 ArkTS Compiler Error
Error Message: ':' expected. At File: D:/DevEcoProjects/ColorOfToday/entry/src/main/ets/pages/Collection.ets:164:9
[39m
[39m
[31m113 ERROR: [31m10505001 ArkTS Compiler Error
Error Message: ',' expected. At File: D:/DevEcoProjects/ColorOfToday/entry/src/main/ets/pages/Collection.ets:164:74
[39m
[39m
[31m114 ERROR: [31m10505001 ArkTS Compiler Error
Error Message: Unexpected keyword or identifier. At File: D:/DevEcoProjects/ColorOfToday/entry/src/main/ets/pages/Collection.ets:167:3
[39m
[39m
[31m115 ERROR: [31m10505001 ArkTS Compiler Error
Error Message: ',' expected. At File: D:/DevEcoProjects/ColorOfToday/entry/src/main/ets/pages/Collection.ets:167:28
[39m
[39m
[31m116 ERROR: [31m10505001 ArkTS Compiler Error
Error Message: ';' expected. At File: D:/DevEcoProjects/ColorOfToday/entry/src/main/ets/pages/Collection.ets:167:37
[39m
[39m
[31m117 ERROR: [31m10505001 ArkTS Compiler Error
Error Message: Unexpected keyword or identifier. At File: D:/DevEcoProjects/ColorOfToday/entry/src/main/ets/pages/Collection.ets:167:39
[39m
[39m
[31m118 ERROR: [31m10505001 ArkTS Compiler Error
Error Message: ';' expected. At File: D:/DevEcoProjects/ColorOfToday/entry/src/main/ets/pages/Collection.ets:174:11
[39m
[39m
[31m119 ERROR: [31m10505001 ArkTS Compiler Error
Error Message: ';' expected. At File: D:/DevEcoProjects/ColorOfToday/entry/src/main/ets/pages/Collection.ets:175:13
[39m
[39m
[31m120 ERROR: [31m10505001 ArkTS Compiler Error
Error Message: ';' expected. At File: D:/DevEcoProjects/ColorOfToday/entry/src/main/ets/pages/Collection.ets:176:16
[39m
[39m
[31m121 ERROR: [31m10505001 ArkTS Compiler Error
Error Message: ';' expected. At File: D:/DevEcoProjects/ColorOfToday/entry/src/main/ets/pages/Collection.ets:178:28
[39m
[39m
[31m122 ERROR: [31m10505001 ArkTS Compiler Error
Error Message: Declaration or statement expected. At File: D:/DevEcoProjects/ColorOfToday/entry/src/main/ets/pages/Collection.ets:197:9
[39m
[39m
[31m123 ERROR: [31m10505001 ArkTS Compiler Error
Error Message: ';' expected. At File: D:/DevEcoProjects/ColorOfToday/entry/src/main/ets/pages/Collection.ets:207:16
[39m
[39m
[31m124 ERROR: [31m10505001 ArkTS Compiler Error
Error Message: ';' expected. At File: D:/DevEcoProjects/ColorOfToday/entry/src/main/ets/pages/Collection.ets:209:24
[39m
[39m
[31m125 ERROR: [31m10505001 ArkTS Compiler Error
Error Message: Declaration or statement expected. At File: D:/DevEcoProjects/ColorOfToday/entry/src/main/ets/pages/Collection.ets:228:9
[39m
[39m
[31m126 ERROR: [31m10505001 ArkTS Compiler Error
Error Message: Declaration or statement expected. At File: D:/DevEcoProjects/ColorOfToday/entry/src/main/ets/pages/Collection.ets:235:7
[39m
[39m
[31m127 ERROR: [31m10505001 ArkTS Compiler Error
Error Message: ';' expected. At File: D:/DevEcoProjects/ColorOfToday/entry/src/main/ets/pages/Collection.ets:243:17
[39m
[39m
[31m128 ERROR: [31m10505001 ArkTS Compiler Error
Error Message: ';' expected. At File: D:/DevEcoProjects/ColorOfToday/entry/src/main/ets/pages/Collection.ets:252:33
[39m
[39m
[31m129 ERROR: [31m10505001 ArkTS Compiler Error
Error Message: Declaration or statement expected. At File: D:/DevEcoProjects/ColorOfToday/entry/src/main/ets/pages/Collection.ets:273:11
[39m
[39m
[31m130 ERROR: [31m10505001 ArkTS Compiler Error
Error Message: Declaration or statement expected. At File: D:/DevEcoProjects/ColorOfToday/entry/src/main/ets/pages/Collection.ets:275:9
[39m
[39m
[31m131 ERROR: [31m10505001 ArkTS Compiler Error
Error Message: Declaration or statement expected. At File: D:/DevEcoProjects/ColorOfToday/entry/src/main/ets/pages/Collection.ets:279:5
[39m
[39m
[31m132 ERROR: [31m10505001 ArkTS Compiler Error
Error Message: Declaration or statement expected. At File: D:/DevEcoProjects/ColorOfToday/entry/src/main/ets/pages/Collection.ets:282:1
[39m
[39m
[31m133 ERROR: [31m10505001 ArkTS Compiler Error
Error Message: Parameter declaration expected. At File: D:/DevEcoProjects/ColorOfToday/entry/src/main/ets/pages/Gallery.ets:23:16
[39m
[39m
[31m134 ERROR: [31m10505001 ArkTS Compiler Error
Error Message: ';' expected. At File: D:/DevEcoProjects/ColorOfToday/entry/src/main/ets/pages/Gallery.ets:27:10
[39m
[39m
[31m135 ERROR: [31m10505001 ArkTS Compiler Error
Error Message: Declaration or statement expected. At File: D:/DevEcoProjects/ColorOfToday/entry/src/main/ets/pages/Gallery.ets:29:3
[39m
[39m
[31m136 ERROR: [31m10505001 ArkTS Compiler Error
Error Message: Unexpected keyword or identifier. At File: D:/DevEcoProjects/ColorOfToday/entry/src/main/ets/pages/Gallery.ets:29:11
[39m
[39m
[31m137 ERROR: [31m10505001 ArkTS Compiler Error
Error Message: ';' expected. At File: D:/DevEcoProjects/ColorOfToday/entry/src/main/ets/pages/Gallery.ets:29:26
[39m
[39m
[31m138 ERROR: [31m10505001 ArkTS Compiler Error
Error Message: Expression expected. At File: D:/DevEcoProjects/ColorOfToday/entry/src/main/ets/pages/Gallery.ets:29:40
[39m
[39m
[31m139 ERROR: [31m10505001 ArkTS Compiler Error
Error Message: ':' expected. At File: D:/DevEcoProjects/ColorOfToday/entry/src/main/ets/pages/Gallery.ets:30:11
[39m
[39m
[31m140 ERROR: [31m10505001 ArkTS Compiler Error
Error Message: ',' expected. At File: D:/DevEcoProjects/ColorOfToday/entry/src/main/ets/pages/Gallery.ets:30:61
[39m
[39m
[31m141 ERROR: [31m10505001 ArkTS Compiler Error
Error Message: ':' expected. At File: D:/DevEcoProjects/ColorOfToday/entry/src/main/ets/pages/Gallery.ets:31:9
[39m
[39m
[31m142 ERROR: [31m10505001 ArkTS Compiler Error
Error Message: ',' expected. At File: D:/DevEcoProjects/ColorOfToday/entry/src/main/ets/pages/Gallery.ets:31:68
[39m
[39m
[31m143 ERROR: [31m10505001 ArkTS Compiler Error
Error Message: Declaration or statement expected. At File: D:/DevEcoProjects/ColorOfToday/entry/src/main/ets/pages/Gallery.ets:34:3
[39m
[39m
[31m144 ERROR: [31m10505001 ArkTS Compiler Error
Error Message: Unexpected keyword or identifier. At File: D:/DevEcoProjects/ColorOfToday/entry/src/main/ets/pages/Gallery.ets:34:11
[39m
[39m
[31m145 ERROR: [31m10505001 ArkTS Compiler Error
Error Message: ';' expected. At File: D:/DevEcoProjects/ColorOfToday/entry/src/main/ets/pages/Gallery.ets:34:32
[39m
[39m
[31m146 ERROR: [31m10505001 ArkTS Compiler Error
Error Message: Expression expected. At File: D:/DevEcoProjects/ColorOfToday/entry/src/main/ets/pages/Gallery.ets:34:46
[39m
[39m
[31m147 ERROR: [31m10505001 ArkTS Compiler Error
Error Message: ':' expected. At File: D:/DevEcoProjects/ColorOfToday/entry/src/main/ets/pages/Gallery.ets:35:11
[39m
[39m
[31m148 ERROR: [31m10505001 ArkTS Compiler Error
Error Message: ',' expected. At File: D:/DevEcoProjects/ColorOfToday/entry/src/main/ets/pages/Gallery.ets:35:32
[39m
[39m
[31m149 ERROR: [31m10505001 ArkTS Compiler Error
Error Message: ',' expected. At File: D:/DevEcoProjects/ColorOfToday/entry/src/main/ets/pages/Gallery.ets:36:16
[39m
[39m
[31m150 ERROR: [31m10505001 ArkTS Compiler Error
Error Message: ';' expected. At File: D:/DevEcoProjects/ColorOfToday/entry/src/main/ets/pages/Gallery.ets:36:24
[39m
[39m
[31m151 ERROR: [31m10505001 ArkTS Compiler Error
Error Message: Declaration or statement expected. At File: D:/DevEcoProjects/ColorOfToday/entry/src/main/ets/pages/Gallery.ets:44:3
[39m
[39m
[31m152 ERROR: [31m10505001 ArkTS Compiler Error
Error Message: ';' expected. At File: D:/DevEcoProjects/ColorOfToday/entry/src/main/ets/pages/Gallery.ets:46:11
[39m
[39m
[31m153 ERROR: [31m10505001 ArkTS Compiler Error
Error Message: ';' expected. At File: D:/DevEcoProjects/ColorOfToday/entry/src/main/ets/pages/Gallery.ets:47:13
[39m
[39m
[31m154 ERROR: [31m10505001 ArkTS Compiler Error
Error Message: ';' expected. At File: D:/DevEcoProjects/ColorOfToday/entry/src/main/ets/pages/Gallery.ets:48:16
[39m
[39m
[31m155 ERROR: [31m10505001 ArkTS Compiler Error
Error Message: ';' expected. At File: D:/DevEcoProjects/ColorOfToday/entry/src/main/ets/pages/Gallery.ets:50:28
[39m
[39m
[31m156 ERROR: [31m10505001 ArkTS Compiler Error
Error Message: ';' expected. At File: D:/DevEcoProjects/ColorOfToday/entry/src/main/ets/pages/Gallery.ets:71:29
[39m
[39m
[31m157 ERROR: [31m10505001 ArkTS Compiler Error
Error Message: Declaration or statement expected. At File: D:/DevEcoProjects/ColorOfToday/entry/src/main/ets/pages/Gallery.ets:82:11
[39m
[39m
[31m158 ERROR: [31m10505001 ArkTS Compiler Error
Error Message: Declaration or statement expected. At File: D:/DevEcoProjects/ColorOfToday/entry/src/main/ets/pages/Gallery.ets:92:9
[39m
[39m
[31m159 ERROR: [31m10505001 ArkTS Compiler Error
Error Message: ';' expected. At File: D:/DevEcoProjects/ColorOfToday/entry/src/main/ets/pages/Gallery.ets:99:33
[39m
[39m
[31m160 ERROR: [31m10505001 ArkTS Compiler Error
Error Message: Declaration or statement expected. At File: D:/DevEcoProjects/ColorOfToday/entry/src/main/ets/pages/Gallery.ets:113:11
[39m
[39m
[31m161 ERROR: [31m10505001 ArkTS Compiler Error
Error Message: ';' expected. At File: D:/DevEcoProjects/ColorOfToday/entry/src/main/ets/pages/Gallery.ets:117:18
[39m
[39m
[31m162 ERROR: [31m10505001 ArkTS Compiler Error
Error Message: ';' expected. At File: D:/DevEcoProjects/ColorOfToday/entry/src/main/ets/pages/Gallery.ets:119:26
[39m
[39m
[31m163 ERROR: [31m10505001 ArkTS Compiler Error
Error Message: Declaration or statement expected. At File: D:/DevEcoProjects/ColorOfToday/entry/src/main/ets/pages/Gallery.ets:131:11
[39m
[39m
[31m164 ERROR: [31m10505001 ArkTS Compiler Error
Error Message: Declaration or statement expected. At File: D:/DevEcoProjects/ColorOfToday/entry/src/main/ets/pages/Gallery.ets:139:7
[39m
[39m
[31m165 ERROR: [31m10505001 ArkTS Compiler Error
Error Message: ';' expected. At File: D:/DevEcoProjects/ColorOfToday/entry/src/main/ets/pages/Gallery.ets:145:17
[39m
[39m
[31m166 ERROR: [31m10505001 ArkTS Compiler Error
Error Message: ';' expected. At File: D:/DevEcoProjects/ColorOfToday/entry/src/main/ets/pages/Gallery.ets:151:17
[39m
[39m
[31m167 ERROR: [31m10505001 ArkTS Compiler Error
Error Message: Declaration or statement expected. At File: D:/DevEcoProjects/ColorOfToday/entry/src/main/ets/pages/Gallery.ets:176:11
[39m
[39m
[31m168 ERROR: [31m10505001 ArkTS Compiler Error
Error Message: ';' expected. At File: D:/DevEcoProjects/ColorOfToday/entry/src/main/ets/pages/Gallery.ets:181:32
[39m
[39m
[31m169 ERROR: [31m10505001 ArkTS Compiler Error
Error Message: Declaration or statement expected. At File: D:/DevEcoProjects/ColorOfToday/entry/src/main/ets/pages/Gallery.ets:187:11
[39m
[39m
[31m170 ERROR: [31m10505001 ArkTS Compiler Error
Error Message: Declaration or statement expected. At File: D:/DevEcoProjects/ColorOfToday/entry/src/main/ets/pages/Gallery.ets:191:9
[39m
[39m
[31m171 ERROR: [31m10505001 ArkTS Compiler Error
Error Message: Declaration or statement expected. At File: D:/DevEcoProjects/ColorOfToday/entry/src/main/ets/pages/Gallery.ets:196:5
[39m
[39m
[31m172 ERROR: [31m10505001 ArkTS Compiler Error
Error Message: Declaration or statement expected. At File: D:/DevEcoProjects/ColorOfToday/entry/src/main/ets/pages/Gallery.ets:199:1
[39m
[39m
[31m173 ERROR: [31m10505001 ArkTS Compiler Error
Error Message: Parameter declaration expected. At File: D:/DevEcoProjects/ColorOfToday/entry/src/main/ets/pages/TimePalette.ets:44:16
[39m
[39m
[31m174 ERROR: [31m10505001 ArkTS Compiler Error
Error Message: ';' expected. At File: D:/DevEcoProjects/ColorOfToday/entry/src/main/ets/pages/TimePalette.ets:48:10
[39m
[39m
[31m175 ERROR: [31m10505001 ArkTS Compiler Error
Error Message: Declaration or statement expected. At File: D:/DevEcoProjects/ColorOfToday/entry/src/main/ets/pages/TimePalette.ets:50:3
[39m
[39m
[31m176 ERROR: [31m10505001 ArkTS Compiler Error
Error Message: ';' expected. At File: D:/DevEcoProjects/ColorOfToday/entry/src/main/ets/pages/TimePalette.ets:50:22
[39m
[39m
[31m177 ERROR: [31m10505001 ArkTS Compiler Error
Error Message: Unexpected keyword or identifier. At File: D:/DevEcoProjects/ColorOfToday/entry/src/main/ets/pages/TimePalette.ets:50:24
[39m
[39m
[31m178 ERROR: [31m10505001 ArkTS Compiler Error
Error Message: Declaration or statement expected. At File: D:/DevEcoProjects/ColorOfToday/entry/src/main/ets/pages/TimePalette.ets:55:3
[39m
[39m
[31m179 ERROR: [31m10505001 ArkTS Compiler Error
Error Message: ';' expected. At File: D:/DevEcoProjects/ColorOfToday/entry/src/main/ets/pages/TimePalette.ets:55:23
[39m
[39m
[31m180 ERROR: [31m10505001 ArkTS Compiler Error
Error Message: Unexpected keyword or identifier. At File: D:/DevEcoProjects/ColorOfToday/entry/src/main/ets/pages/TimePalette.ets:55:25
[39m
[39m
[31m181 ERROR: [31m10505001 ArkTS Compiler Error
Error Message: Declaration or statement expected. At File: D:/DevEcoProjects/ColorOfToday/entry/src/main/ets/pages/TimePalette.ets:60:3
[39m
[39m
[31m182 ERROR: [31m10505001 ArkTS Compiler Error
Error Message: ';' expected. At File: D:/DevEcoProjects/ColorOfToday/entry/src/main/ets/pages/TimePalette.ets:60:18
[39m
[39m
[31m183 ERROR: [31m10505001 ArkTS Compiler Error
Error Message: Unexpected keyword or identifier. At File: D:/DevEcoProjects/ColorOfToday/entry/src/main/ets/pages/TimePalette.ets:60:20
[39m
[39m
[31m184 ERROR: [31m10505001 ArkTS Compiler Error
Error Message: Declaration or statement expected. At File: D:/DevEcoProjects/ColorOfToday/entry/src/main/ets/pages/TimePalette.ets:69:3
[39m
[39m
[31m185 ERROR: [31m10505001 ArkTS Compiler Error
Error Message: ';' expected. At File: D:/DevEcoProjects/ColorOfToday/entry/src/main/ets/pages/TimePalette.ets:69:24
[39m
[39m
[31m186 ERROR: [31m10505001 ArkTS Compiler Error
Error Message: Unexpected keyword or identifier. At File: D:/DevEcoProjects/ColorOfToday/entry/src/main/ets/pages/TimePalette.ets:69:26
[39m
[39m
[31m187 ERROR: [31m10505001 ArkTS Compiler Error
Error Message: Declaration or statement expected. At File: D:/DevEcoProjects/ColorOfToday/entry/src/main/ets/pages/TimePalette.ets:75:3
[39m
[39m
[31m188 ERROR: [31m10505001 ArkTS Compiler Error
Error Message: ';' expected. At File: D:/DevEcoProjects/ColorOfToday/entry/src/main/ets/pages/TimePalette.ets:75:26
[39m
[39m
[31m189 ERROR: [31m10505001 ArkTS Compiler Error
Error Message: Unexpected keyword or identifier. At File: D:/DevEcoProjects/ColorOfToday/entry/src/main/ets/pages/TimePalette.ets:75:28
[39m
[39m
[31m190 ERROR: [31m10505001 ArkTS Compiler Error
Error Message: Declaration or statement expected. At File: D:/DevEcoProjects/ColorOfToday/entry/src/main/ets/pages/TimePalette.ets:80:3
[39m
[39m
[31m191 ERROR: [31m10505001 ArkTS Compiler Error
Error Message: ';' expected. At File: D:/DevEcoProjects/ColorOfToday/entry/src/main/ets/pages/TimePalette.ets:80:23
[39m
[39m
[31m192 ERROR: [31m10505001 ArkTS Compiler Error
Error Message: An element access expression should take an argument. At File: D:/DevEcoProjects/ColorOfToday/entry/src/main/ets/pages/TimePalette.ets:80:34
[39m
[39m
[31m193 ERROR: [31m10505001 ArkTS Compiler Error
Error Message: ';' expected. At File: D:/DevEcoProjects/ColorOfToday/entry/src/main/ets/pages/TimePalette.ets:80:36
[39m
[39m
[31m194 ERROR: [31m10505001 ArkTS Compiler Error
Error Message: Declaration or statement expected. At File: D:/DevEcoProjects/ColorOfToday/entry/src/main/ets/pages/TimePalette.ets:98:3
[39m
[39m
[31m195 ERROR: [31m10505001 ArkTS Compiler Error
Error Message: Unexpected keyword or identifier. At File: D:/DevEcoProjects/ColorOfToday/entry/src/main/ets/pages/TimePalette.ets:98:11
[39m
[39m
[31m196 ERROR: [31m10505001 ArkTS Compiler Error
Error Message: ';' expected. At File: D:/DevEcoProjects/ColorOfToday/entry/src/main/ets/pages/TimePalette.ets:98:28
[39m
[39m
[31m197 ERROR: [31m10505001 ArkTS Compiler Error
Error Message: Expression expected. At File: D:/DevEcoProjects/ColorOfToday/entry/src/main/ets/pages/TimePalette.ets:98:42
[39m
[39m
[31m198 ERROR: [31m10505001 ArkTS Compiler Error
Error Message: ':' expected. At File: D:/DevEcoProjects/ColorOfToday/entry/src/main/ets/pages/TimePalette.ets:99:9
[39m
[39m
[31m199 ERROR: [31m10505001 ArkTS Compiler Error
Error Message: ',' expected. At File: D:/DevEcoProjects/ColorOfToday/entry/src/main/ets/pages/TimePalette.ets:99:24
[39m
[39m
[31m200 ERROR: [31m10505001 ArkTS Compiler Error
Error Message: ':' expected. At File: D:/DevEcoProjects/ColorOfToday/entry/src/main/ets/pages/TimePalette.ets:100:9
[39m
[39m
[31m201 ERROR: [31m10505001 ArkTS Compiler Error
Error Message: ':' expected. At File: D:/DevEcoProjects/ColorOfToday/entry/src/main/ets/pages/TimePalette.ets:101:13
[39m
[39m
[31m202 ERROR: [31m10505001 ArkTS Compiler Error
Error Message: ',' expected. At File: D:/DevEcoProjects/ColorOfToday/entry/src/main/ets/pages/TimePalette.ets:101:39
[39m
[39m
[31m203 ERROR: [31m10505001 ArkTS Compiler Error
Error Message: ':' expected. At File: D:/DevEcoProjects/ColorOfToday/entry/src/main/ets/pages/TimePalette.ets:102:13
[39m
[39m
[31m204 ERROR: [31m10505001 ArkTS Compiler Error
Error Message: ',' expected. At File: D:/DevEcoProjects/ColorOfToday/entry/src/main/ets/pages/TimePalette.ets:102:49
[39m
[39m
[31m205 ERROR: [31m10505001 ArkTS Compiler Error
Error Message: ':' expected. At File: D:/DevEcoProjects/ColorOfToday/entry/src/main/ets/pages/TimePalette.ets:103:13
[39m
[39m
[31m206 ERROR: [31m10505001 ArkTS Compiler Error
Error Message: ',' expected. At File: D:/DevEcoProjects/ColorOfToday/entry/src/main/ets/pages/TimePalette.ets:103:29
[39m
[39m
[31m207 ERROR: [31m10505001 ArkTS Compiler Error
Error Message: ':' expected. At File: D:/DevEcoProjects/ColorOfToday/entry/src/main/ets/pages/TimePalette.ets:104:13
[39m
[39m
[31m208 ERROR: [31m10505001 ArkTS Compiler Error
Error Message: ',' expected. At File: D:/DevEcoProjects/ColorOfToday/entry/src/main/ets/pages/TimePalette.ets:104:81
[39m
[39m
[31m209 ERROR: [31m10505001 ArkTS Compiler Error
Error Message: ':' expected. At File: D:/DevEcoProjects/ColorOfToday/entry/src/main/ets/pages/TimePalette.ets:105:13
[39m
[39m
[31m210 ERROR: [31m10505001 ArkTS Compiler Error
Error Message: ',' expected. At File: D:/DevEcoProjects/ColorOfToday/entry/src/main/ets/pages/TimePalette.ets:105:85
[39m
[39m
[31m211 ERROR: [31m10505001 ArkTS Compiler Error
Error Message: ':' expected. At File: D:/DevEcoProjects/ColorOfToday/entry/src/main/ets/pages/TimePalette.ets:107:13
[39m
[39m
[31m212 ERROR: [31m10505001 ArkTS Compiler Error
Error Message: ',' expected. At File: D:/DevEcoProjects/ColorOfToday/entry/src/main/ets/pages/TimePalette.ets:107:52
[39m
[39m
[31m213 ERROR: [31m10505001 ArkTS Compiler Error
Error Message: ':' expected. At File: D:/DevEcoProjects/ColorOfToday/entry/src/main/ets/pages/TimePalette.ets:108:13
[39m
[39m
[31m214 ERROR: [31m10505001 ArkTS Compiler Error
Error Message: ',' expected. At File: D:/DevEcoProjects/ColorOfToday/entry/src/main/ets/pages/TimePalette.ets:108:20
[39m
[39m
[31m215 ERROR: [31m10505001 ArkTS Compiler Error
Error Message: ',' expected. At File: D:/DevEcoProjects/ColorOfToday/entry/src/main/ets/pages/TimePalette.ets:108:28
[39m
[39m
[31m216 ERROR: [31m10505001 ArkTS Compiler Error
Error Message: Expression expected. At File: D:/DevEcoProjects/ColorOfToday/entry/src/main/ets/pages/TimePalette.ets:108:29
[39m
[39m
[31m217 ERROR: [31m10505001 ArkTS Compiler Error
Error Message: ':' expected. At File: D:/DevEcoProjects/ColorOfToday/entry/src/main/ets/pages/TimePalette.ets:108:31
[39m
[39m
[31m218 ERROR: [31m10505001 ArkTS Compiler Error
Error Message: ',' expected. At File: D:/DevEcoProjects/ColorOfToday/entry/src/main/ets/pages/TimePalette.ets:108:35
[39m
[39m
[31m219 ERROR: [31m10505001 ArkTS Compiler Error
Error Message: ',' expected. At File: D:/DevEcoProjects/ColorOfToday/entry/src/main/ets/pages/TimePalette.ets:109:16
[39m
[39m
[31m220 ERROR: [31m10505001 ArkTS Compiler Error
Error Message: ',' expected. At File: D:/DevEcoProjects/ColorOfToday/entry/src/main/ets/pages/TimePalette.ets:109:21
[39m
[39m
[31m221 ERROR: [31m10505001 ArkTS Compiler Error
Error Message: ',' expected. At File: D:/DevEcoProjects/ColorOfToday/entry/src/main/ets/pages/TimePalette.ets:109:25
[39m
[39m
[31m222 ERROR: [31m10505001 ArkTS Compiler Error
Error Message: ',' expected. At File: D:/DevEcoProjects/ColorOfToday/entry/src/main/ets/pages/TimePalette.ets:109:33
[39m
[39m
[31m223 ERROR: [31m10505001 ArkTS Compiler Error
Error Message: ',' expected. At File: D:/DevEcoProjects/ColorOfToday/entry/src/main/ets/pages/TimePalette.ets:109:40
[39m
[39m
[31m224 ERROR: [31m10505001 ArkTS Compiler Error
Error Message: ',' expected. At File: D:/DevEcoProjects/ColorOfToday/entry/src/main/ets/pages/TimePalette.ets:109:43
[39m
[39m
[31m225 ERROR: [31m10505001 ArkTS Compiler Error
Error Message: Property assignment expected. At File: D:/DevEcoProjects/ColorOfToday/entry/src/main/ets/pages/TimePalette.ets:109:45
[39m
[39m
[31m226 ERROR: [31m10505001 ArkTS Compiler Error
Error Message: Property assignment expected. At File: D:/DevEcoProjects/ColorOfToday/entry/src/main/ets/pages/TimePalette.ets:109:47
[39m
[39m
[31m227 ERROR: [31m10505001 ArkTS Compiler Error
Error Message: ':' expected. At File: D:/DevEcoProjects/ColorOfToday/entry/src/main/ets/pages/TimePalette.ets:110:15
[39m
[39m
[31m228 ERROR: [31m10505001 ArkTS Compiler Error
Error Message: ',' expected. At File: D:/DevEcoProjects/ColorOfToday/entry/src/main/ets/pages/TimePalette.ets:110:28
[39m
[39m
[31m229 ERROR: [31m10505001 ArkTS Compiler Error
Error Message: ',' expected. At File: D:/DevEcoProjects/ColorOfToday/entry/src/main/ets/pages/TimePalette.ets:111:13
[39m
[39m
[31m230 ERROR: [31m10505001 ArkTS Compiler Error
Error Message: ',' expected. At File: D:/DevEcoProjects/ColorOfToday/entry/src/main/ets/pages/TimePalette.ets:111:40
[39m
[39m
[31m231 ERROR: [31m10505001 ArkTS Compiler Error
Error Message: ',' expected. At File: D:/DevEcoProjects/ColorOfToday/entry/src/main/ets/pages/TimePalette.ets:112:17
[39m
[39m
[31m232 ERROR: [31m10505001 ArkTS Compiler Error
Error Message: ',' expected. At File: D:/DevEcoProjects/ColorOfToday/entry/src/main/ets/pages/TimePalette.ets:117:9
[39m
[39m
[31m233 ERROR: [31m10505001 ArkTS Compiler Error
Error Message: ',' expected. At File: D:/DevEcoProjects/ColorOfToday/entry/src/main/ets/pages/TimePalette.ets:117:12
[39m
[39m
[31m234 ERROR: [31m10505001 ArkTS Compiler Error
Error Message: ',' expected. At File: D:/DevEcoProjects/ColorOfToday/entry/src/main/ets/pages/TimePalette.ets:117:20
[39m
[39m
[31m235 ERROR: [31m10505001 ArkTS Compiler Error
Error Message: ',' expected. At File: D:/DevEcoProjects/ColorOfToday/entry/src/main/ets/pages/TimePalette.ets:121:7
[39m
[39m
[31m236 ERROR: [31m10505001 ArkTS Compiler Error
Error Message: ',' expected. At File: D:/DevEcoProjects/ColorOfToday/entry/src/main/ets/pages/TimePalette.ets:121:16
[39m
[39m
[31m237 ERROR: [31m10505001 ArkTS Compiler Error
Error Message: ',' expected. At File: D:/DevEcoProjects/ColorOfToday/entry/src/main/ets/pages/TimePalette.ets:121:21
[39m
[39m
[31m238 ERROR: [31m10505001 ArkTS Compiler Error
Error Message: ',' expected. At File: D:/DevEcoProjects/ColorOfToday/entry/src/main/ets/pages/TimePalette.ets:121:25
[39m
[39m
[31m239 ERROR: [31m10505001 ArkTS Compiler Error
Error Message: ',' expected. At File: D:/DevEcoProjects/ColorOfToday/entry/src/main/ets/pages/TimePalette.ets:121:34
[39m
[39m
[31m240 ERROR: [31m10505001 ArkTS Compiler Error
Error Message: ',' expected. At File: D:/DevEcoProjects/ColorOfToday/entry/src/main/ets/pages/TimePalette.ets:121:41
[39m
[39m
[31m241 ERROR: [31m10505001 ArkTS Compiler Error
Error Message: ',' expected. At File: D:/DevEcoProjects/ColorOfToday/entry/src/main/ets/pages/TimePalette.ets:121:44
[39m
[39m
[31m242 ERROR: [31m10505001 ArkTS Compiler Error
Error Message: Property assignment expected. At File: D:/DevEcoProjects/ColorOfToday/entry/src/main/ets/pages/TimePalette.ets:121:46
[39m
[39m
[31m243 ERROR: [31m10505001 ArkTS Compiler Error
Error Message: Property assignment expected. At File: D:/DevEcoProjects/ColorOfToday/entry/src/main/ets/pages/TimePalette.ets:121:48
[39m
[39m
[31m244 ERROR: [31m10505001 ArkTS Compiler Error
Error Message: ':' expected. At File: D:/DevEcoProjects/ColorOfToday/entry/src/main/ets/pages/TimePalette.ets:122:15
[39m
[39m
[31m245 ERROR: [31m10505001 ArkTS Compiler Error
Error Message: ',' expected. At File: D:/DevEcoProjects/ColorOfToday/entry/src/main/ets/pages/TimePalette.ets:122:31
[39m
[39m
[31m246 ERROR: [31m10505001 ArkTS Compiler Error
Error Message: ',' expected. At File: D:/DevEcoProjects/ColorOfToday/entry/src/main/ets/pages/TimePalette.ets:123:19
[39m
[39m
[31m247 ERROR: [31m10505001 ArkTS Compiler Error
Error Message: ',' expected. At File: D:/DevEcoProjects/ColorOfToday/entry/src/main/ets/pages/TimePalette.ets:123:28
[39m
[39m
[31m248 ERROR: [31m10505001 ArkTS Compiler Error
Error Message: Property assignment expected. At File: D:/DevEcoProjects/ColorOfToday/entry/src/main/ets/pages/TimePalette.ets:123:30
[39m
[39m
[31m249 ERROR: [31m10505001 ArkTS Compiler Error
Error Message: ':' expected. At File: D:/DevEcoProjects/ColorOfToday/entry/src/main/ets/pages/TimePalette.ets:124:19
[39m
[39m
[31m250 ERROR: [31m10505001 ArkTS Compiler Error
Error Message: Expression expected. At File: D:/DevEcoProjects/ColorOfToday/entry/src/main/ets/pages/TimePalette.ets:139:7
[39m
[39m
[31m251 ERROR: [31m10505001 ArkTS Compiler Error
Error Message: Expression expected. At File: D:/DevEcoProjects/ColorOfToday/entry/src/main/ets/pages/TimePalette.ets:151:5
[39m
[39m
[31m252 ERROR: [31m10505001 ArkTS Compiler Error
Error Message: 'try' expected. At File: D:/DevEcoProjects/ColorOfToday/entry/src/main/ets/pages/TimePalette.ets:151:7
[39m
[39m
[31m253 ERROR: [31m10505001 ArkTS Compiler Error
Error Message: Expression expected. At File: D:/DevEcoProjects/ColorOfToday/entry/src/main/ets/pages/TimePalette.ets:154:3
[39m
[39m
[31m254 ERROR: [31m10505001 ArkTS Compiler Error
Error Message: Unexpected keyword or identifier. At File: D:/DevEcoProjects/ColorOfToday/entry/src/main/ets/pages/TimePalette.ets:156:3
[39m
[39m
[31m255 ERROR: [31m10505001 ArkTS Compiler Error
Error Message: ',' expected. At File: D:/DevEcoProjects/ColorOfToday/entry/src/main/ets/pages/TimePalette.ets:156:27
[39m
[39m
[31m256 ERROR: [31m10505001 ArkTS Compiler Error
Error Message: ';' expected. At File: D:/DevEcoProjects/ColorOfToday/entry/src/main/ets/pages/TimePalette.ets:156:36
[39m
[39m
[31m257 ERROR: [31m10505001 ArkTS Compiler Error
Error Message: An element access expression should take an argument. At File: D:/DevEcoProjects/ColorOfToday/entry/src/main/ets/pages/TimePalette.ets:156:48
[39m
[39m
[31m258 ERROR: [31m10505001 ArkTS Compiler Error
Error Message: ';' expected. At File: D:/DevEcoProjects/ColorOfToday/entry/src/main/ets/pages/TimePalette.ets:156:50
[39m
[39m
[31m259 ERROR: [31m10505001 ArkTS Compiler Error
Error Message: Declaration or statement expected. At File: D:/DevEcoProjects/ColorOfToday/entry/src/main/ets/pages/TimePalette.ets:161:3
[39m
[39m
[31m260 ERROR: [31m10505001 ArkTS Compiler Error
Error Message: ',' expected. At File: D:/DevEcoProjects/ColorOfToday/entry/src/main/ets/pages/TimePalette.ets:161:25
[39m
[39m
[31m261 ERROR: [31m10505001 ArkTS Compiler Error
Error Message: ';' expected. At File: D:/DevEcoProjects/ColorOfToday/entry/src/main/ets/pages/TimePalette.ets:161:36
[39m
[39m
[31m262 ERROR: [31m10505001 ArkTS Compiler Error
Error Message: ',' expected. At File: D:/DevEcoProjects/ColorOfToday/entry/src/main/ets/pages/TimePalette.ets:162:13
[39m
[39m
[31m263 ERROR: [31m10505001 ArkTS Compiler Error
Error Message: ',' expected. At File: D:/DevEcoProjects/ColorOfToday/entry/src/main/ets/pages/TimePalette.ets:162:22
[39m
[39m
[31m264 ERROR: [31m10505001 ArkTS Compiler Error
Error Message: Property assignment expected. At File: D:/DevEcoProjects/ColorOfToday/entry/src/main/ets/pages/TimePalette.ets:162:24
[39m
[39m
[31m265 ERROR: [31m10505001 ArkTS Compiler Error
Error Message: Declaration or statement expected. At File: D:/DevEcoProjects/ColorOfToday/entry/src/main/ets/pages/TimePalette.ets:167:3
[39m
[39m
[31m266 ERROR: [31m10505001 ArkTS Compiler Error
Error Message: Declaration or statement expected. At File: D:/DevEcoProjects/ColorOfToday/entry/src/main/ets/pages/TimePalette.ets:170:3
[39m
[39m
[31m267 ERROR: [31m10505001 ArkTS Compiler Error
Error Message: ';' expected. At File: D:/DevEcoProjects/ColorOfToday/entry/src/main/ets/pages/TimePalette.ets:170:26
[39m
[39m
[31m268 ERROR: [31m10505001 ArkTS Compiler Error
Error Message: Unexpected keyword or identifier. At File: D:/DevEcoProjects/ColorOfToday/entry/src/main/ets/pages/TimePalette.ets:170:28
[39m
[39m
[31m269 ERROR: [31m10505001 ArkTS Compiler Error
Error Message: Declaration or statement expected. At File: D:/DevEcoProjects/ColorOfToday/entry/src/main/ets/pages/TimePalette.ets:179:3
[39m
[39m
[31m270 ERROR: [31m10505001 ArkTS Compiler Error
Error Message: Unexpected keyword or identifier. At File: D:/DevEcoProjects/ColorOfToday/entry/src/main/ets/pages/TimePalette.ets:179:11
[39m
[39m
[31m271 ERROR: [31m10505001 ArkTS Compiler Error
Error Message: ';' expected. At File: D:/DevEcoProjects/ColorOfToday/entry/src/main/ets/pages/TimePalette.ets:179:27
[39m
[39m
[31m272 ERROR: [31m10505001 ArkTS Compiler Error
Error Message: Expression expected. At File: D:/DevEcoProjects/ColorOfToday/entry/src/main/ets/pages/TimePalette.ets:179:41
[39m
[39m
[31m273 ERROR: [31m10505001 ArkTS Compiler Error
Error Message: ',' expected. At File: D:/DevEcoProjects/ColorOfToday/entry/src/main/ets/pages/TimePalette.ets:180:13
[39m
[39m
[31m274 ERROR: [31m10505001 ArkTS Compiler Error
Error Message: ',' expected. At File: D:/DevEcoProjects/ColorOfToday/entry/src/main/ets/pages/TimePalette.ets:180:24
[39m
[39m
[31m275 ERROR: [31m10505001 ArkTS Compiler Error
Error Message: Property assignment expected. At File: D:/DevEcoProjects/ColorOfToday/entry/src/main/ets/pages/TimePalette.ets:180:26
[39m
[39m
[31m276 ERROR: [31m10505001 ArkTS Compiler Error
Error Message: Declaration or statement expected. At File: D:/DevEcoProjects/ColorOfToday/entry/src/main/ets/pages/TimePalette.ets:197:3
[39m
[39m
[31m277 ERROR: [31m10505001 ArkTS Compiler Error
Error Message: Declaration or statement expected. At File: D:/DevEcoProjects/ColorOfToday/entry/src/main/ets/pages/TimePalette.ets:199:3
[39m
[39m
[31m278 ERROR: [31m10505001 ArkTS Compiler Error
Error Message: Unexpected keyword or identifier. At File: D:/DevEcoProjects/ColorOfToday/entry/src/main/ets/pages/TimePalette.ets:199:11
[39m
[39m
[31m279 ERROR: [31m10505001 ArkTS Compiler Error
Error Message: ';' expected. At File: D:/DevEcoProjects/ColorOfToday/entry/src/main/ets/pages/TimePalette.ets:199:36
[39m
[39m
[31m280 ERROR: [31m10505001 ArkTS Compiler Error
Error Message: Expression expected. At File: D:/DevEcoProjects/ColorOfToday/entry/src/main/ets/pages/TimePalette.ets:199:50
[39m
[39m
[31m281 ERROR: [31m10505001 ArkTS Compiler Error
Error Message: ',' expected. At File: D:/DevEcoProjects/ColorOfToday/entry/src/main/ets/pages/TimePalette.ets:200:13
[39m
[39m
[31m282 ERROR: [31m10505001 ArkTS Compiler Error
Error Message: ',' expected. At File: D:/DevEcoProjects/ColorOfToday/entry/src/main/ets/pages/TimePalette.ets:200:31
[39m
[39m
[31m283 ERROR: [31m10505001 ArkTS Compiler Error
Error Message: Property assignment expected. At File: D:/DevEcoProjects/ColorOfToday/entry/src/main/ets/pages/TimePalette.ets:200:33
[39m
[39m
[31m284 ERROR: [31m10505001 ArkTS Compiler Error
Error Message: Declaration or statement expected. At File: D:/DevEcoProjects/ColorOfToday/entry/src/main/ets/pages/TimePalette.ets:228:3
[39m
[39m
[31m285 ERROR: [31m10505001 ArkTS Compiler Error
Error Message: Declaration or statement expected. At File: D:/DevEcoProjects/ColorOfToday/entry/src/main/ets/pages/TimePalette.ets:230:3
[39m
[39m
[31m286 ERROR: [31m10505001 ArkTS Compiler Error
Error Message: ',' expected. At File: D:/DevEcoProjects/ColorOfToday/entry/src/main/ets/pages/TimePalette.ets:230:28
[39m
[39m
[31m287 ERROR: [31m10505001 ArkTS Compiler Error
Error Message: ';' expected. At File: D:/DevEcoProjects/ColorOfToday/entry/src/main/ets/pages/TimePalette.ets:230:37
[39m
[39m
[31m288 ERROR: [31m10505001 ArkTS Compiler Error
Error Message: Unexpected keyword or identifier. At File: D:/DevEcoProjects/ColorOfToday/entry/src/main/ets/pages/TimePalette.ets:230:39
[39m
[39m
[31m289 ERROR: [31m10505001 ArkTS Compiler Error
Error Message: ';' expected. At File: D:/DevEcoProjects/ColorOfToday/entry/src/main/ets/pages/TimePalette.ets:236:11
[39m
[39m
[31m290 ERROR: [31m10505001 ArkTS Compiler Error
Error Message: ';' expected. At File: D:/DevEcoProjects/ColorOfToday/entry/src/main/ets/pages/TimePalette.ets:237:13
[39m
[39m
[31m291 ERROR: [31m10505001 ArkTS Compiler Error
Error Message: ';' expected. At File: D:/DevEcoProjects/ColorOfToday/entry/src/main/ets/pages/TimePalette.ets:238:16
[39m
[39m
[31m292 ERROR: [31m10505001 ArkTS Compiler Error
Error Message: ';' expected. At File: D:/DevEcoProjects/ColorOfToday/entry/src/main/ets/pages/TimePalette.ets:240:27
[39m
[39m
[31m293 ERROR: [31m10505001 ArkTS Compiler Error
Error Message: Declaration or statement expected. At File: D:/DevEcoProjects/ColorOfToday/entry/src/main/ets/pages/TimePalette.ets:287:9
[39m
[39m
[31m294 ERROR: [31m10505001 ArkTS Compiler Error
Error Message: ';' expected. At File: D:/DevEcoProjects/ColorOfToday/entry/src/main/ets/pages/TimePalette.ets:292:33
[39m
[39m
[31m295 ERROR: [31m10505001 ArkTS Compiler Error
Error Message: Declaration or statement expected. At File: D:/DevEcoProjects/ColorOfToday/entry/src/main/ets/pages/TimePalette.ets:296:11
[39m
[39m
[31m296 ERROR: [31m10505001 ArkTS Compiler Error
Error Message: ';' expected. At File: D:/DevEcoProjects/ColorOfToday/entry/src/main/ets/pages/TimePalette.ets:300:20
[39m
[39m
[31m297 ERROR: [31m10505001 ArkTS Compiler Error
Error Message: ';' expected. At File: D:/DevEcoProjects/ColorOfToday/entry/src/main/ets/pages/TimePalette.ets:301:22
[39m
[39m
[31m298 ERROR: [31m10505001 ArkTS Compiler Error
Error Message: ';' expected. At File: D:/DevEcoProjects/ColorOfToday/entry/src/main/ets/pages/TimePalette.ets:303:37
[39m
[39m
[31m299 ERROR: [31m10505001 ArkTS Compiler Error
Error Message: ';' expected. At File: D:/DevEcoProjects/ColorOfToday/entry/src/main/ets/pages/TimePalette.ets:304:23
[39m
[39m
[31m300 ERROR: [31m10505001 ArkTS Compiler Error
Error Message: Declaration or statement expected. At File: D:/DevEcoProjects/ColorOfToday/entry/src/main/ets/pages/TimePalette.ets:319:17
[39m
[39m
[31m301 ERROR: [31m10505001 ArkTS Compiler Error
Error Message: ';' expected. At File: D:/DevEcoProjects/ColorOfToday/entry/src/main/ets/pages/TimePalette.ets:321:23
[39m
[39m
[31m302 ERROR: [31m10505001 ArkTS Compiler Error
Error Message: Declaration or statement expected. At File: D:/DevEcoProjects/ColorOfToday/entry/src/main/ets/pages/TimePalette.ets:330:17
[39m
[39m
[31m303 ERROR: [31m10505001 ArkTS Compiler Error
Error Message: ';' expected. At File: D:/DevEcoProjects/ColorOfToday/entry/src/main/ets/pages/TimePalette.ets:332:24
[39m
[39m
[31m304 ERROR: [31m10505001 ArkTS Compiler Error
Error Message: ';' expected. At File: D:/DevEcoProjects/ColorOfToday/entry/src/main/ets/pages/TimePalette.ets:334:32
[39m
[39m
[31m305 ERROR: [31m10505001 ArkTS Compiler Error
Error Message: ';' expected. At File: D:/DevEcoProjects/ColorOfToday/entry/src/main/ets/pages/TimePalette.ets:338:34
[39m
[39m
[31m306 ERROR: [31m10505001 ArkTS Compiler Error
Error Message: Declaration or statement expected. At File: D:/DevEcoProjects/ColorOfToday/entry/src/main/ets/pages/TimePalette.ets:343:25
[39m
[39m
[31m307 ERROR: [31m10505001 ArkTS Compiler Error
Error Message: ';' expected. At File: D:/DevEcoProjects/ColorOfToday/entry/src/main/ets/pages/TimePalette.ets:352:33
[39m
[39m
[31m308 ERROR: [31m10505001 ArkTS Compiler Error
Error Message: Declaration or statement expected. At File: D:/DevEcoProjects/ColorOfToday/entry/src/main/ets/pages/TimePalette.ets:362:25
[39m
[39m
[31m309 ERROR: [31m10505001 ArkTS Compiler Error
Error Message: Declaration or statement expected. At File: D:/DevEcoProjects/ColorOfToday/entry/src/main/ets/pages/TimePalette.ets:376:17
[39m
[39m
[31m310 ERROR: [31m10505001 ArkTS Compiler Error
Error Message: Declaration or statement expected. At File: D:/DevEcoProjects/ColorOfToday/entry/src/main/ets/pages/TimePalette.ets:381:15
[39m
[39m
[31m311 ERROR: [31m10505001 ArkTS Compiler Error
Error Message: ';' expected. At File: D:/DevEcoProjects/ColorOfToday/entry/src/main/ets/pages/TimePalette.ets:388:39
[39m
[39m
[31m312 ERROR: [31m10505001 ArkTS Compiler Error
Error Message: ';' expected. At File: D:/DevEcoProjects/ColorOfToday/entry/src/main/ets/pages/TimePalette.ets:392:28
[39m
[39m
[31m313 ERROR: [31m10505001 ArkTS Compiler Error
Error Message: ';' expected. At File: D:/DevEcoProjects/ColorOfToday/entry/src/main/ets/pages/TimePalette.ets:393:40
[39m
[39m
[31m314 ERROR: [31m10505001 ArkTS Compiler Error
Error Message: Declaration or statement expected. At File: D:/DevEcoProjects/ColorOfToday/entry/src/main/ets/pages/TimePalette.ets:403:19
[39m
[39m
[31m315 ERROR: [31m10505001 ArkTS Compiler Error
Error Message: Declaration or statement expected. At File: D:/DevEcoProjects/ColorOfToday/entry/src/main/ets/pages/TimePalette.ets:407:17
[39m
[39m
[31m316 ERROR: [31m10505001 ArkTS Compiler Error
Error Message: Declaration or statement expected. At File: D:/DevEcoProjects/ColorOfToday/entry/src/main/ets/pages/TimePalette.ets:417:13
[39m
[39m
[31m317 ERROR: [31m10505001 ArkTS Compiler Error
Error Message: Declaration or statement expected. At File: D:/DevEcoProjects/ColorOfToday/entry/src/main/ets/pages/TimePalette.ets:419:11
[39m
[39m
[31m318 ERROR: [31m10505001 ArkTS Compiler Error
Error Message: Declaration or statement expected. At File: D:/DevEcoProjects/ColorOfToday/entry/src/main/ets/pages/TimePalette.ets:424:7
[39m
[39m
[31m319 ERROR: [31m10505001 ArkTS Compiler Error
Error Message: ';' expected. At File: D:/DevEcoProjects/ColorOfToday/entry/src/main/ets/pages/TimePalette.ets:432:17
[39m
[39m
[31m320 ERROR: [31m10505001 ArkTS Compiler Error
Error Message: ';' expected. At File: D:/DevEcoProjects/ColorOfToday/entry/src/main/ets/pages/TimePalette.ets:441:33
[39m
[39m
[31m321 ERROR: [31m10505001 ArkTS Compiler Error
Error Message: ';' expected. At File: D:/DevEcoProjects/ColorOfToday/entry/src/main/ets/pages/TimePalette.ets:446:32
[39m
[39m
[31m322 ERROR: [31m10505001 ArkTS Compiler Error
Error Message: Declaration or statement expected. At File: D:/DevEcoProjects/ColorOfToday/entry/src/main/ets/pages/TimePalette.ets:468:11
[39m
[39m
[31m323 ERROR: [31m10505001 ArkTS Compiler Error
Error Message: Declaration or statement expected. At File: D:/DevEcoProjects/ColorOfToday/entry/src/main/ets/pages/TimePalette.ets:470:9
[39m
[39m
[31m324 ERROR: [31m10505001 ArkTS Compiler Error
Error Message: Declaration or statement expected. At File: D:/DevEcoProjects/ColorOfToday/entry/src/main/ets/pages/TimePalette.ets:474:5
[39m
[39m
[31m325 ERROR: [31m10505001 ArkTS Compiler Error
Error Message: Declaration or statement expected. At File: D:/DevEcoProjects/ColorOfToday/entry/src/main/ets/pages/TimePalette.ets:477:1
[39m
[39m
[31m326 ERROR: [31m10505001 ArkTS Compiler Error
Error Message: '"../utils/SolarTerm"' has no exported member named 'SolarTermPhrase'. Did you mean 'solarTermPhrase'? At File: D:/DevEcoProjects/ColorOfToday/entry/src/main/ets/service/EchoService.ets:3:10
[39m
[39m
[31m327 ERROR: [31m10505001 ArkTS Compiler Error
Error Message: Property 'refresh' does not exist on type 'Gallery'. At File: D:/DevEcoProjects/ColorOfToday/entry/src/main/ets/pages/Gallery.ets:21:10
[39m
[39m
[31m328 ERROR: [31m10505001 ArkTS Compiler Error
Error Message: Left side of comma operator is unused and has no side effects. At File: D:/DevEcoProjects/ColorOfToday/entry/src/main/ets/pages/Gallery.ets:23:16
[39m
[39m
[31m329 ERROR: [31m10505001 ArkTS Compiler Error
Error Message: Object is possibly 'undefined'. At File: D:/DevEcoProjects/ColorOfToday/entry/src/main/ets/pages/Gallery.ets:25:9
[39m
[39m
[31m330 ERROR: [31m10505001 ArkTS Compiler Error
Error Message: Cannot find name 'async'. At File: D:/DevEcoProjects/ColorOfToday/entry/src/main/ets/pages/Gallery.ets:29:11
[39m
[39m
[31m331 ERROR: [31m10505001 ArkTS Compiler Error
Error Message: Cannot find name 'refresh'. At File: D:/DevEcoProjects/ColorOfToday/entry/src/main/ets/pages/Gallery.ets:29:17
[39m
[39m
[31m332 ERROR: [31m10505001 ArkTS Compiler Error
Error Message: Operator '>' cannot be applied to types 'boolean' and '{ const: string; this: PhotoInfo[]; }'. At File: D:/DevEcoProjects/ColorOfToday/entry/src/main/ets/pages/Gallery.ets:29:28
[39m
[39m
[31m333 ERROR: [31m10505001 ArkTS Compiler Error
Error Message: Object is possibly 'undefined'. At File: D:/DevEcoProjects/ColorOfToday/entry/src/main/ets/pages/Gallery.ets:29:36
[39m
[39m
[31m334 ERROR: [31m10505001 ArkTS Compiler Error
Error Message: Cannot find name 'dateKey'. At File: D:/DevEcoProjects/ColorOfToday/entry/src/main/ets/pages/Gallery.ets:30:11
[39m
[39m
[31m335 ERROR: [31m10505001 ArkTS Compiler Error
Error Message: Cannot find name 'dateKey'. At File: D:/DevEcoProjects/ColorOfToday/entry/src/main/ets/pages/Gallery.ets:31:60
[39m
[39m
[31m336 ERROR: [31m10505001 ArkTS Compiler Error
Error Message: Cannot find name 'async'. At File: D:/DevEcoProjects/ColorOfToday/entry/src/main/ets/pages/Gallery.ets:34:11
[39m
[39m
[31m337 ERROR: [31m10505001 ArkTS Compiler Error
Error Message: Cannot find name 'deleteCurrent'. At File: D:/DevEcoProjects/ColorOfToday/entry/src/main/ets/pages/Gallery.ets:34:17
[39m
[39m
[31m338 ERROR: [31m10505001 ArkTS Compiler Error
Error Message: Operator '>' cannot be applied to types 'boolean' and '{ const: any; if(target: any): any; }'. At File: D:/DevEcoProjects/ColorOfToday/entry/src/main/ets/pages/Gallery.ets:34:34
[39m
[39m
[31m339 ERROR: [31m10505001 ArkTS Compiler Error
Error Message: Object is possibly 'undefined'. At File: D:/DevEcoProjects/ColorOfToday/entry/src/main/ets/pages/Gallery.ets:34:42
[39m
[39m
[31m340 ERROR: [31m10505001 ArkTS Compiler Error
Error Message: Cannot find name 'target'. At File: D:/DevEcoProjects/ColorOfToday/entry/src/main/ets/pages/Gallery.ets:35:11
[39m
[39m
[31m341 ERROR: [31m10505001 ArkTS Compiler Error
Error Message: Object is possibly 'undefined'. At File: D:/DevEcoProjects/ColorOfToday/entry/src/main/ets/pages/Gallery.ets:35:20
[39m
[39m
[31m342 ERROR: [31m10505001 ArkTS Compiler Error
Error Message: Cannot find name 'target'. At File: D:/DevEcoProjects/ColorOfToday/entry/src/main/ets/pages/Gallery.ets:39:38
[39m
[39m
[31m343 ERROR: [31m10505001 ArkTS Compiler Error
Error Message: Cannot find name 'target'. At File: D:/DevEcoProjects/ColorOfToday/entry/src/main/ets/pages/Gallery.ets:39:56
[39m
[39m
[31m344 ERROR: [31m10505001 ArkTS Compiler Error
Error Message: Cannot find name 'target'. At File: D:/DevEcoProjects/ColorOfToday/entry/src/main/ets/pages/Gallery.ets:40:45
[39m
[39m
[31m345 ERROR: [31m10505001 ArkTS Compiler Error
Error Message: Object is possibly 'undefined'. At File: D:/DevEcoProjects/ColorOfToday/entry/src/main/ets/pages/Gallery.ets:41:5
[39m
[39m
[31m346 ERROR: [31m10505001 ArkTS Compiler Error
Error Message: Object is possibly 'undefined'. At File: D:/DevEcoProjects/ColorOfToday/entry/src/main/ets/pages/Gallery.ets:43:5
[39m
[39m
[31m347 ERROR: [31m10505001 ArkTS Compiler Error
Error Message: Cannot find name 'build'. At File: D:/DevEcoProjects/ColorOfToday/entry/src/main/ets/pages/Gallery.ets:46:3
[39m
[39m
[31m348 ERROR: [31m10905236 ArkTS Compiler Error
Error Message: UI component 'Stack' cannot be used in this place. At File: D:/DevEcoProjects/ColorOfToday/entry/src/main/ets/pages/Gallery.ets:47:5
[39m
[39m
[31m349 ERROR: [31m10905236 ArkTS Compiler Error
Error Message: UI component 'Column' cannot be used in this place. At File: D:/DevEcoProjects/ColorOfToday/entry/src/main/ets/pages/Gallery.ets:48:7
[39m
[39m
[31m350 ERROR: [31m10905236 ArkTS Compiler Error
Error Message: UI component 'Row' cannot be used in this place. At File: D:/DevEcoProjects/ColorOfToday/entry/src/main/ets/pages/Gallery.ets:50:9
[39m
[39m
[31m351 ERROR: [31m10905236 ArkTS Compiler Error
Error Message: UI component 'Text' cannot be used in this place. At File: D:/DevEcoProjects/ColorOfToday/entry/src/main/ets/pages/Gallery.ets:51:11
[39m
[39m
[31m352 ERROR: [31m10905236 ArkTS Compiler Error
Error Message: UI component 'Column' cannot be used in this place. At File: D:/DevEcoProjects/ColorOfToday/entry/src/main/ets/pages/Gallery.ets:60:11
[39m
[39m
[31m353 ERROR: [31m10505001 ArkTS Compiler Error
Error Message: Object is possibly 'undefined'. At File: D:/DevEcoProjects/ColorOfToday/entry/src/main/ets/pages/Gallery.ets:64:30
[39m
[39m
[31m354 ERROR: [31m10905236 ArkTS Compiler Error
Error Message: UI component 'Text' cannot be used in this place. At File: D:/DevEcoProjects/ColorOfToday/entry/src/main/ets/pages/Gallery.ets:65:11
[39m
[39m
[31m355 ERROR: [31m10505001 ArkTS Compiler Error
Error Message: Object is possibly 'undefined'. At File: D:/DevEcoProjects/ColorOfToday/entry/src/main/ets/pages/Gallery.ets:65:26
[39m
[39m
[31m356 ERROR: [31m10905236 ArkTS Compiler Error
Error Message: UI component 'Blank' cannot be used in this place. At File: D:/DevEcoProjects/ColorOfToday/entry/src/main/ets/pages/Gallery.ets:69:11
[39m
[39m
[31m357 ERROR: [31m10905236 ArkTS Compiler Error
Error Message: UI component 'Row' cannot be used in this place. At File: D:/DevEcoProjects/ColorOfToday/entry/src/main/ets/pages/Gallery.ets:71:11
[39m
[39m
[31m358 ERROR: [31m10905236 ArkTS Compiler Error
Error Message: UI component 'Column' cannot be used in this place. At File: D:/DevEcoProjects/ColorOfToday/entry/src/main/ets/pages/Gallery.ets:72:13
[39m
[39m
[31m359 ERROR: [31m10505001 ArkTS Compiler Error
Error Message: Object is possibly 'undefined'. At File: D:/DevEcoProjects/ColorOfToday/entry/src/main/ets/pages/Gallery.ets:76:32
[39m
[39m
[31m360 ERROR: [31m10905236 ArkTS Compiler Error
Error Message: UI component 'Text' cannot be used in this place. At File: D:/DevEcoProjects/ColorOfToday/entry/src/main/ets/pages/Gallery.ets:78:13
[39m
[39m
[31m361 ERROR: [31m10505001 ArkTS Compiler Error
Error Message: Cannot find name 'padding'. At File: D:/DevEcoProjects/ColorOfToday/entry/src/main/ets/pages/Gallery.ets:82:12
[39m
[39m
[31m362 ERROR: [31m10905236 ArkTS Compiler Error
Error Message: UI component 'Text' cannot be used in this place. At File: D:/DevEcoProjects/ColorOfToday/entry/src/main/ets/pages/Gallery.ets:88:11
[39m
[39m
[31m363 ERROR: [31m10505001 ArkTS Compiler Error
Error Message: Object is possibly 'undefined'. At File: D:/DevEcoProjects/ColorOfToday/entry/src/main/ets/pages/Gallery.ets:88:19
[39m
[39m
[31m364 ERROR: [31m10505001 ArkTS Compiler Error
Error Message: Cannot find name 'width'. At File: D:/DevEcoProjects/ColorOfToday/entry/src/main/ets/pages/Gallery.ets:92:10
[39m
[39m
[31m365 ERROR: [31m10905236 ArkTS Compiler Error
Error Message: UI component 'Divider' cannot be used in this place. At File: D:/DevEcoProjects/ColorOfToday/entry/src/main/ets/pages/Gallery.ets:96:9
[39m
[39m
[31m366 ERROR: [31m10505001 ArkTS Compiler Error
Error Message: Object is possibly 'undefined'. At File: D:/DevEcoProjects/ColorOfToday/entry/src/main/ets/pages/Gallery.ets:98:13
[39m
[39m
[31m367 ERROR: [31m10905236 ArkTS Compiler Error
Error Message: UI component 'Column' cannot be used in this place. At File: D:/DevEcoProjects/ColorOfToday/entry/src/main/ets/pages/Gallery.ets:99:11
[39m
[39m
[31m368 ERROR: [31m10905236 ArkTS Compiler Error
Error Message: UI component 'Column' cannot be used in this place. At File: D:/DevEcoProjects/ColorOfToday/entry/src/main/ets/pages/Gallery.ets:100:13
[39m
[39m
[31m369 ERROR: [31m10505001 ArkTS Compiler Error
Error Message: Object is possibly 'undefined'. At File: D:/DevEcoProjects/ColorOfToday/entry/src/main/ets/pages/Gallery.ets:104:32
[39m
[39m
[31m370 ERROR: [31m10905236 ArkTS Compiler Error
Error Message: UI component 'Text' cannot be used in this place. At File: D:/DevEcoProjects/ColorOfToday/entry/src/main/ets/pages/Gallery.ets:106:13
[39m
[39m
[31m371 ERROR: [31m10905236 ArkTS Compiler Error
Error Message: UI component 'Text' cannot be used in this place. At File: D:/DevEcoProjects/ColorOfToday/entry/src/main/ets/pages/Gallery.ets:109:13
[39m
[39m
[31m372 ERROR: [31m10505001 ArkTS Compiler Error
Error Message: Cannot find name 'width'. At File: D:/DevEcoProjects/ColorOfToday/entry/src/main/ets/pages/Gallery.ets:113:12
[39m
[39m
[31m373 ERROR: [31m10905236 ArkTS Compiler Error
Error Message: UI component 'Grid' cannot be used in this place. At File: D:/DevEcoProjects/ColorOfToday/entry/src/main/ets/pages/Gallery.ets:117:11
[39m
[39m
[31m374 ERROR: [31m10505001 ArkTS Compiler Error
Error Message: Object is possibly 'undefined'. At File: D:/DevEcoProjects/ColorOfToday/entry/src/main/ets/pages/Gallery.ets:118:21
[39m
[39m
[31m375 ERROR: [31m10905236 ArkTS Compiler Error
Error Message: UI component 'GridItem' cannot be used in this place. At File: D:/DevEcoProjects/ColorOfToday/entry/src/main/ets/pages/Gallery.ets:119:15
[39m
[39m
[31m376 ERROR: [31m10905236 ArkTS Compiler Error
Error Message: UI component 'Image' cannot be used in this place. At File: D:/DevEcoProjects/ColorOfToday/entry/src/main/ets/pages/Gallery.ets:120:17
[39m
[39m
[31m377 ERROR: [31m10505001 ArkTS Compiler Error
Error Message: Object is possibly 'undefined'. At File: D:/DevEcoProjects/ColorOfToday/entry/src/main/ets/pages/Gallery.ets:126:21
[39m
[39m
[31m378 ERROR: [31m10505001 ArkTS Compiler Error
Error Message: Cannot find name 'columnsTemplate'. At File: D:/DevEcoProjects/ColorOfToday/entry/src/main/ets/pages/Gallery.ets:131:12
[39m
[39m
[31m379 ERROR: [31m10505001 ArkTS Compiler Error
Error Message: Cannot find name 'width'. At File: D:/DevEcoProjects/ColorOfToday/entry/src/main/ets/pages/Gallery.ets:139:8
[39m
[39m
[31m380 ERROR: [31m10505001 ArkTS Compiler Error
Error Message: Object is possibly 'undefined'. At File: D:/DevEcoProjects/ColorOfToday/entry/src/main/ets/pages/Gallery.ets:144:11
[39m
[39m
[31m381 ERROR: [31m10905236 ArkTS Compiler Error
Error Message: UI component 'Stack' cannot be used in this place. At File: D:/DevEcoProjects/ColorOfToday/entry/src/main/ets/pages/Gallery.ets:145:9
[39m
[39m
[31m382 ERROR: [31m10905236 ArkTS Compiler Error
Error Message: UI component 'Image' cannot be used in this place. At File: D:/DevEcoProjects/ColorOfToday/entry/src/main/ets/pages/Gallery.ets:146:11
[39m
[39m
[31m383 ERROR: [31m10505001 ArkTS Compiler Error
Error Message: Object is possibly 'undefined'. At File: D:/DevEcoProjects/ColorOfToday/entry/src/main/ets/pages/Gallery.ets:146:27
[39m
[39m
[31m384 ERROR: [31m10905236 ArkTS Compiler Error
Error Message: UI component 'Row' cannot be used in this place. At File: D:/DevEcoProjects/ColorOfToday/entry/src/main/ets/pages/Gallery.ets:151:11
[39m
[39m
[31m385 ERROR: [31m10905236 ArkTS Compiler Error
Error Message: UI component 'Text' cannot be used in this place. At File: D:/DevEcoProjects/ColorOfToday/entry/src/main/ets/pages/Gallery.ets:152:13
[39m
[39m
[31m386 ERROR: [31m10505001 ArkTS Compiler Error
Error Message: Object is possibly 'undefined'. At File: D:/DevEcoProjects/ColorOfToday/entry/src/main/ets/pages/Gallery.ets:161:17
[39m
[39m
[31m387 ERROR: [31m10905236 ArkTS Compiler Error
Error Message: UI component 'Blank' cannot be used in this place. At File: D:/DevEcoProjects/ColorOfToday/entry/src/main/ets/pages/Gallery.ets:163:13
[39m
[39m
[31m388 ERROR: [31m10905236 ArkTS Compiler Error
Error Message: UI component 'Text' cannot be used in this place. At File: D:/DevEcoProjects/ColorOfToday/entry/src/main/ets/pages/Gallery.ets:164:13
[39m
[39m
[31m389 ERROR: [31m10505001 ArkTS Compiler Error
Error Message: Object is possibly 'undefined'. At File: D:/DevEcoProjects/ColorOfToday/entry/src/main/ets/pages/Gallery.ets:173:17
[39m
[39m
[31m390 ERROR: [31m10505001 ArkTS Compiler Error
Error Message: Cannot find name 'width'. At File: D:/DevEcoProjects/ColorOfToday/entry/src/main/ets/pages/Gallery.ets:176:12
[39m
[39m
[31m391 ERROR: [31m10905236 ArkTS Compiler Error
Error Message: UI component 'Column' cannot be used in this place. At File: D:/DevEcoProjects/ColorOfToday/entry/src/main/ets/pages/Gallery.ets:181:11
[39m
[39m
[31m392 ERROR: [31m10905236 ArkTS Compiler Error
Error Message: UI component 'Text' cannot be used in this place. At File: D:/DevEcoProjects/ColorOfToday/entry/src/main/ets/pages/Gallery.ets:182:13
[39m
[39m
[31m393 ERROR: [31m10505001 ArkTS Compiler Error
Error Message: Object is possibly 'undefined'. At File: D:/DevEcoProjects/ColorOfToday/entry/src/main/ets/pages/Gallery.ets:182:21
[39m
[39m
[31m394 ERROR: [31m10505001 ArkTS Compiler Error
Error Message: Object is possibly 'undefined'. At File: D:/DevEcoProjects/ColorOfToday/entry/src/main/ets/pages/Gallery.ets:182:49
[39m
[39m
[31m395 ERROR: [31m10505001 ArkTS Compiler Error
Error Message: Cannot find name 'width'. At File: D:/DevEcoProjects/ColorOfToday/entry/src/main/ets/pages/Gallery.ets:187:12
[39m
[39m
[31m396 ERROR: [31m10505001 ArkTS Compiler Error
Error Message: Cannot find name 'width'. At File: D:/DevEcoProjects/ColorOfToday/entry/src/main/ets/pages/Gallery.ets:191:10
[39m
[39m
[31m397 ERROR: [31m10505001 ArkTS Compiler Error
Error Message: Cannot find name 'width'. At File: D:/DevEcoProjects/ColorOfToday/entry/src/main/ets/pages/Gallery.ets:196:6
[39m
[39m
[31m398 ERROR: [31m10505001 ArkTS Compiler Error
Error Message: Duplicate identifier 'i'. At File: D:/DevEcoProjects/ColorOfToday/entry/src/main/ets/pages/TimePalette.ets:109:16
[39m
[39m
[31m399 ERROR: [31m10505001 ArkTS Compiler Error
Error Message: Duplicate identifier 'i'. At File: D:/DevEcoProjects/ColorOfToday/entry/src/main/ets/pages/TimePalette.ets:109:23
[39m
[39m
[31m400 ERROR: [31m10505001 ArkTS Compiler Error
Error Message: Duplicate identifier 'i'. At File: D:/DevEcoProjects/ColorOfToday/entry/src/main/ets/pages/TimePalette.ets:121:16
[39m
[39m
[31m401 ERROR: [31m10505001 ArkTS Compiler Error
Error Message: Duplicate identifier 'i'. At File: D:/DevEcoProjects/ColorOfToday/entry/src/main/ets/pages/TimePalette.ets:121:23
[39m
[39m
[31m402 ERROR: [31m10505001 ArkTS Compiler Error
Error Message: Property 'loadMonth' does not exist on type 'TimePalette'. At File: D:/DevEcoProjects/ColorOfToday/entry/src/main/ets/pages/TimePalette.ets:42:10
[39m
[39m
[31m403 ERROR: [31m10505001 ArkTS Compiler Error
Error Message: Left side of comma operator is unused and has no side effects. At File: D:/DevEcoProjects/ColorOfToday/entry/src/main/ets/pages/TimePalette.ets:44:16
[39m
[39m
[31m404 ERROR: [31m10505001 ArkTS Compiler Error
Error Message: Object is possibly 'undefined'. At File: D:/DevEcoProjects/ColorOfToday/entry/src/main/ets/pages/TimePalette.ets:46:9
[39m
[39m
[31m405 ERROR: [31m10505001 ArkTS Compiler Error
Error Message: Cannot find name 'monthDate'. At File: D:/DevEcoProjects/ColorOfToday/entry/src/main/ets/pages/TimePalette.ets:50:11
[39m
[39m
[31m406 ERROR: [31m10505001 ArkTS Compiler Error
Error Message: Cannot find name 'monthLabel'. At File: D:/DevEcoProjects/ColorOfToday/entry/src/main/ets/pages/TimePalette.ets:55:11
[39m
[39m
[31m407 ERROR: [31m10505001 ArkTS Compiler Error
Error Message: 'string' only refers to a type, but is being used as a value here. At File: D:/DevEcoProjects/ColorOfToday/entry/src/main/ets/pages/TimePalette.ets:55:25
[39m
[39m
[31m408 ERROR: [31m10505001 ArkTS Compiler Error
Error Message: Object is possibly 'undefined'. At File: D:/DevEcoProjects/ColorOfToday/entry/src/main/ets/pages/TimePalette.ets:56:15
[39m
[39m
[31m409 ERROR: [31m10505001 ArkTS Compiler Error
Error Message: Cannot find name 'range'. At File: D:/DevEcoProjects/ColorOfToday/entry/src/main/ets/pages/TimePalette.ets:60:11
[39m
[39m
[31m410 ERROR: [31m10505001 ArkTS Compiler Error
Error Message: 'MonthRange' only refers to a type, but is being used as a value here. At File: D:/DevEcoProjects/ColorOfToday/entry/src/main/ets/pages/TimePalette.ets:60:20
[39m
[39m
[31m411 ERROR: [31m10505001 ArkTS Compiler Error
Error Message: Object is possibly 'undefined'. At File: D:/DevEcoProjects/ColorOfToday/entry/src/main/ets/pages/TimePalette.ets:61:15
[39m
[39m
[31m412 ERROR: [31m10505001 ArkTS Compiler Error
Error Message: Cannot find name 'daysInMonth'. At File: D:/DevEcoProjects/ColorOfToday/entry/src/main/ets/pages/TimePalette.ets:69:11
[39m
[39m
[31m413 ERROR: [31m10505001 ArkTS Compiler Error
Error Message: 'number' only refers to a type, but is being used as a value here. At File: D:/DevEcoProjects/ColorOfToday/entry/src/main/ets/pages/TimePalette.ets:69:26
[39m
[39m
[31m414 ERROR: [31m10505001 ArkTS Compiler Error
Error Message: Object is possibly 'undefined'. At File: D:/DevEcoProjects/ColorOfToday/entry/src/main/ets/pages/TimePalette.ets:70:15
[39m
[39m
[31m415 ERROR: [31m10505001 ArkTS Compiler Error
Error Message: Cannot find name 'leadingBlanks'. At File: D:/DevEcoProjects/ColorOfToday/entry/src/main/ets/pages/TimePalette.ets:75:11
[39m
[39m
[31m416 ERROR: [31m10505001 ArkTS Compiler Error
Error Message: 'number' only refers to a type, but is being used as a value here. At File: D:/DevEcoProjects/ColorOfToday/entry/src/main/ets/pages/TimePalette.ets:75:28
[39m
[39m
[31m417 ERROR: [31m10505001 ArkTS Compiler Error
Error Message: Object is possibly 'undefined'. At File: D:/DevEcoProjects/ColorOfToday/entry/src/main/ets/pages/TimePalette.ets:76:15
[39m
[39m
[31m418 ERROR: [31m10505001 ArkTS Compiler Error
Error Message: Cannot find name 'buildCells'. At File: D:/DevEcoProjects/ColorOfToday/entry/src/main/ets/pages/TimePalette.ets:80:11
[39m
[39m
[31m419 ERROR: [31m10505001 ArkTS Compiler Error
Error Message: 'GridCell' only refers to a type, but is being used as a value here. At File: D:/DevEcoProjects/ColorOfToday/entry/src/main/ets/pages/TimePalette.ets:80:25
[39m
[39m
[31m420 ERROR: [31m10505001 ArkTS Compiler Error
Error Message: Object is possibly 'undefined'. At File: D:/DevEcoProjects/ColorOfToday/entry/src/main/ets/pages/TimePalette.ets:82:21
[39m
[39m
[31m421 ERROR: [31m10505001 ArkTS Compiler Error
Error Message: Object is possibly 'undefined'. At File: D:/DevEcoProjects/ColorOfToday/entry/src/main/ets/pages/TimePalette.ets:83:19
[39m
[39m
[31m422 ERROR: [31m10505001 ArkTS Compiler Error
Error Message: Object is possibly 'undefined'. At File: D:/DevEcoProjects/ColorOfToday/entry/src/main/ets/pages/TimePalette.ets:84:19
[39m
[39m
[31m423 ERROR: [31m10505001 ArkTS Compiler Error
Error Message: Object is possibly 'undefined'. At File: D:/DevEcoProjects/ColorOfToday/entry/src/main/ets/pages/TimePalette.ets:90:17
[39m
[39m
[31m424 ERROR: [31m10505001 ArkTS Compiler Error
Error Message: Object is possibly 'undefined'. At File: D:/DevEcoProjects/ColorOfToday/entry/src/main/ets/pages/TimePalette.ets:92:19
[39m
[39m
[31m425 ERROR: [31m10505001 ArkTS Compiler Error
Error Message: Cannot find name 'async'. At File: D:/DevEcoProjects/ColorOfToday/entry/src/main/ets/pages/TimePalette.ets:98:11
[39m
[39m
[31m426 ERROR: [31m10505001 ArkTS Compiler Error
Error Message: Cannot find name 'loadMonth'. At File: D:/DevEcoProjects/ColorOfToday/entry/src/main/ets/pages/TimePalette.ets:98:17
[39m
[39m
[31m427 ERROR: [31m10505001 ArkTS Compiler Error
Error Message: Operator '>' cannot be applied to types 'boolean' and '{ this: boolean; try: { [x: number]: undefined[]; const: any; await: Promise<void>; string: any; for(let: any, i: number, i: any, : any, photos: any): any; "": any; i: any; let: any; arr: any; if(arr: any, undefined: any): void; }; ... 5 more ...; continue: any; }'. At File: D:/DevEcoProjects/ColorOfToday/entry/src/main/ets/pages/TimePalette.ets:98:30
[39m
[39m
[31m428 ERROR: [31m10505001 ArkTS Compiler Error
Error Message: Object is possibly 'undefined'. At File: D:/DevEcoProjects/ColorOfToday/entry/src/main/ets/pages/TimePalette.ets:98:38
[39m
[39m
[31m429 ERROR: [31m10505001 ArkTS Compiler Error
Error Message: Cannot find name 'context'. At File: D:/DevEcoProjects/ColorOfToday/entry/src/main/ets/pages/TimePalette.ets:101:13
[39m
[39m
[31m430 ERROR: [31m10505001 ArkTS Compiler Error
Error Message: Cannot find name 'context'. At File: D:/DevEcoProjects/ColorOfToday/entry/src/main/ets/pages/TimePalette.ets:102:41
[39m
[39m
[31m431 ERROR: [31m10505001 ArkTS Compiler Error
Error Message: Cannot find name 'r'. At File: D:/DevEcoProjects/ColorOfToday/entry/src/main/ets/pages/TimePalette.ets:103:13
[39m
[39m
[31m432 ERROR: [31m10505001 ArkTS Compiler Error
Error Message: Object is possibly 'undefined'. At File: D:/DevEcoProjects/ColorOfToday/entry/src/main/ets/pages/TimePalette.ets:103:17
[39m
[39m
[31m433 ERROR: [31m10505001 ArkTS Compiler Error
Error Message: Cannot find name 'cached'. At File: D:/DevEcoProjects/ColorOfToday/entry/src/main/ets/pages/TimePalette.ets:104:13
[39m
[39m
[31m434 ERROR: [31m10505001 ArkTS Compiler Error
Error Message: Cannot find name 'r'. At File: D:/DevEcoProjects/ColorOfToday/entry/src/main/ets/pages/TimePalette.ets:104:66
[39m
[39m
[31m435 ERROR: [31m10505001 ArkTS Compiler Error
Error Message: Cannot find name 'r'. At File: D:/DevEcoProjects/ColorOfToday/entry/src/main/ets/pages/TimePalette.ets:104:75
[39m
[39m
[31m436 ERROR: [31m10505001 ArkTS Compiler Error
Error Message: Cannot find name 'photos'. At File: D:/DevEcoProjects/ColorOfToday/entry/src/main/ets/pages/TimePalette.ets:105:13
[39m
[39m
[31m437 ERROR: [31m10505001 ArkTS Compiler Error
Error Message: Cannot find name 'r'. At File: D:/DevEcoProjects/ColorOfToday/entry/src/main/ets/pages/TimePalette.ets:105:70
[39m
[39m
[31m438 ERROR: [31m10505001 ArkTS Compiler Error
Error Message: Cannot find name 'r'. At File: D:/DevEcoProjects/ColorOfToday/entry/src/main/ets/pages/TimePalette.ets:105:79
[39m
[39m
[31m439 ERROR: [31m10505001 ArkTS Compiler Error
Error Message: Cannot find name 'groups'. At File: D:/DevEcoProjects/ColorOfToday/entry/src/main/ets/pages/TimePalette.ets:107:13
[39m
[39m
[31m440 ERROR: [31m10505001 ArkTS Compiler Error
Error Message: Cannot find name 'dayKeys'. At File: D:/DevEcoProjects/ColorOfToday/entry/src/main/ets/pages/TimePalette.ets:108:13
[39m
[39m
[31m441 ERROR: [31m10505001 ArkTS Compiler Error
Error Message: 'string' only refers to a type, but is being used as a value here. At File: D:/DevEcoProjects/ColorOfToday/entry/src/main/ets/pages/TimePalette.ets:108:22
[39m
[39m
[31m442 ERROR: [31m10505001 ArkTS Compiler Error
Error Message: A parameter initializer is only allowed in a function or constructor implementation. At File: D:/DevEcoProjects/ColorOfToday/entry/src/main/ets/pages/TimePalette.ets:109:16
[39m
[39m
[31m443 ERROR: [31m10505001 ArkTS Compiler Error
Error Message: No value exists in scope for the shorthand property 'i'. Either declare one or provide an initializer. At File: D:/DevEcoProjects/ColorOfToday/entry/src/main/ets/pages/TimePalette.ets:109:42
[39m
[39m
[31m444 ERROR: [31m10505001 ArkTS Compiler Error
Error Message: Cannot find name 'p'. At File: D:/DevEcoProjects/ColorOfToday/entry/src/main/ets/pages/TimePalette.ets:110:15
[39m
[39m
[31m445 ERROR: [31m10505001 ArkTS Compiler Error
Error Message: Cannot find name 'photos'. At File: D:/DevEcoProjects/ColorOfToday/entry/src/main/ets/pages/TimePalette.ets:110:19
[39m
[39m
[31m446 ERROR: [31m10505001 ArkTS Compiler Error
Error Message: Cannot find name 'i'. At File: D:/DevEcoProjects/ColorOfToday/entry/src/main/ets/pages/TimePalette.ets:110:26
[39m
[39m
[31m447 ERROR: [31m10505001 ArkTS Compiler Error
Error Message: No value exists in scope for the shorthand property 'let'. Either declare one or provide an initializer. At File: D:/DevEcoProjects/ColorOfToday/entry/src/main/ets/pages/TimePalette.ets:111:9
[39m
[39m
[31m448 ERROR: [31m10505001 ArkTS Compiler Error
Error Message: Cannot find name 'groups'. At File: D:/DevEcoProjects/ColorOfToday/entry/src/main/ets/pages/TimePalette.ets:111:19
[39m
[39m
[31m449 ERROR: [31m10505001 ArkTS Compiler Error
Error Message: Cannot find name 'p'. At File: D:/DevEcoProjects/ColorOfToday/entry/src/main/ets/pages/TimePalette.ets:111:30
[39m
[39m
[31m450 ERROR: [31m10505001 ArkTS Compiler Error
Error Message: Cannot find name 'groups'. At File: D:/DevEcoProjects/ColorOfToday/entry/src/main/ets/pages/TimePalette.ets:114:11
[39m
[39m
[31m451 ERROR: [31m10505001 ArkTS Compiler Error
Error Message: Cannot find name 'p'. At File: D:/DevEcoProjects/ColorOfToday/entry/src/main/ets/pages/TimePalette.ets:114:22
[39m
[39m
[31m452 ERROR: [31m10505001 ArkTS Compiler Error
Error Message: Cannot find name 'dayKeys'. At File: D:/DevEcoProjects/ColorOfToday/entry/src/main/ets/pages/TimePalette.ets:115:11
[39m
[39m
[31m453 ERROR: [31m10505001 ArkTS Compiler Error
Error Message: Cannot find name 'p'. At File: D:/DevEcoProjects/ColorOfToday/entry/src/main/ets/pages/TimePalette.ets:115:24
[39m
[39m
[31m454 ERROR: [31m10505001 ArkTS Compiler Error
Error Message: Block-scoped variable 'arr' used before its declaration. At File: D:/DevEcoProjects/ColorOfToday/entry/src/main/ets/pages/TimePalette.ets:117:9
[39m
[39m
[31m455 ERROR: [31m10505001 ArkTS Compiler Error
Error Message: Cannot find name 'p'. At File: D:/DevEcoProjects/ColorOfToday/entry/src/main/ets/pages/TimePalette.ets:117:18
[39m
[39m
[31m456 ERROR: [31m10505001 ArkTS Compiler Error
Error Message: A parameter initializer is only allowed in a function or constructor implementation. At File: D:/DevEcoProjects/ColorOfToday/entry/src/main/ets/pages/TimePalette.ets:121:16
[39m
[39m
[31m457 ERROR: [31m10505001 ArkTS Compiler Error
Error Message: No value exists in scope for the shorthand property 'i'. Either declare one or provide an initializer. At File: D:/DevEcoProjects/ColorOfToday/entry/src/main/ets/pages/TimePalette.ets:121:43
[39m
[39m
[31m458 ERROR: [31m10505001 ArkTS Compiler Error
Error Message: Cannot find name 'key'. At File: D:/DevEcoProjects/ColorOfToday/entry/src/main/ets/pages/TimePalette.ets:122:15
[39m
[39m
[31m459 ERROR: [31m10505001 ArkTS Compiler Error
Error Message: Cannot find name 'dayKeys'. At File: D:/DevEcoProjects/ColorOfToday/entry/src/main/ets/pages/TimePalette.ets:122:21
[39m
[39m
[31m460 ERROR: [31m10505001 ArkTS Compiler Error
Error Message: Cannot find name 'i'. At File: D:/DevEcoProjects/ColorOfToday/entry/src/main/ets/pages/TimePalette.ets:122:29
[39m
[39m
[31m461 ERROR: [31m10505001 ArkTS Compiler Error
Error Message: Cannot find name 'key'. At File: D:/DevEcoProjects/ColorOfToday/entry/src/main/ets/pages/TimePalette.ets:123:24
[39m
[39m
[31m462 ERROR: [31m10505001 ArkTS Compiler Error
Error Message: Cannot find name 'groups'. At File: D:/DevEcoProjects/ColorOfToday/entry/src/main/ets/pages/TimePalette.ets:126:21
[39m
[39m
[31m463 ERROR: [31m10505001 ArkTS Compiler Error
Error Message: Cannot find name 'key'. At File: D:/DevEcoProjects/ColorOfToday/entry/src/main/ets/pages/TimePalette.ets:126:32
[39m
[39m
[31m464 ERROR: [31m10505001 ArkTS Compiler Error
Error Message: Cannot find name 'key'. At File: D:/DevEcoProjects/ColorOfToday/entry/src/main/ets/pages/TimePalette.ets:136:53
[39m
[39m
[31m465 ERROR: [31m10505001 ArkTS Compiler Error
Error Message: Cannot find name 'cached'. At File: D:/DevEcoProjects/ColorOfToday/entry/src/main/ets/pages/TimePalette.ets:137:11
[39m
[39m
[31m466 ERROR: [31m10505001 ArkTS Compiler Error
Error Message: Cannot find name 'key'. At File: D:/DevEcoProjects/ColorOfToday/entry/src/main/ets/pages/TimePalette.ets:137:22
[39m
[39m
[31m467 ERROR: [31m10505001 ArkTS Compiler Error
Error Message: Object is possibly 'undefined'. At File: D:/DevEcoProjects/ColorOfToday/entry/src/main/ets/pages/TimePalette.ets:141:7
[39m
[39m
[31m468 ERROR: [31m10505001 ArkTS Compiler Error
Error Message: Cannot find name 'cached'. At File: D:/DevEcoProjects/ColorOfToday/entry/src/main/ets/pages/TimePalette.ets:141:26
[39m
[39m
[31m469 ERROR: [31m10505001 ArkTS Compiler Error
Error Message: Object is possibly 'undefined'. At File: D:/DevEcoProjects/ColorOfToday/entry/src/main/ets/pages/TimePalette.ets:142:7
[39m
[39m
[31m470 ERROR: [31m10505001 ArkTS Compiler Error
Error Message: Cannot find name 'groups'. At File: D:/DevEcoProjects/ColorOfToday/entry/src/main/ets/pages/TimePalette.ets:142:26
[39m
[39m
[31m471 ERROR: [31m10505001 ArkTS Compiler Error
Error Message: Cannot find name 'r'. At File: D:/DevEcoProjects/ColorOfToday/entry/src/main/ets/pages/TimePalette.ets:145:23
[39m
[39m
[31m472 ERROR: [31m10505001 ArkTS Compiler Error
Error Message: Cannot find name 'r'. At File: D:/DevEcoProjects/ColorOfToday/entry/src/main/ets/pages/TimePalette.ets:145:46
[39m
[39m
[31m473 ERROR: [31m10505001 ArkTS Compiler Error
Error Message: Object is possibly 'undefined'. At File: D:/DevEcoProjects/ColorOfToday/entry/src/main/ets/pages/TimePalette.ets:145:55
[39m
[39m
[31m474 ERROR: [31m10505001 ArkTS Compiler Error
Error Message: Object is possibly 'undefined'. At File: D:/DevEcoProjects/ColorOfToday/entry/src/main/ets/pages/TimePalette.ets:146:9
[39m
[39m
[31m475 ERROR: [31m10505001 ArkTS Compiler Error
Error Message: Cannot find name 'dayKeys'. At File: D:/DevEcoProjects/ColorOfToday/entry/src/main/ets/pages/TimePalette.ets:147:18
[39m
[39m
[31m476 ERROR: [31m10505001 ArkTS Compiler Error
Error Message: Object is possibly 'undefined'. At File: D:/DevEcoProjects/ColorOfToday/entry/src/main/ets/pages/TimePalette.ets:148:9
[39m
[39m
[31m477 ERROR: [31m10505001 ArkTS Compiler Error
Error Message: Cannot find name 'dayKeys'. At File: D:/DevEcoProjects/ColorOfToday/entry/src/main/ets/pages/TimePalette.ets:148:28
[39m
[39m
[31m478 ERROR: [31m10505001 ArkTS Compiler Error
Error Message: Cannot find name 'dayKeys'. At File: D:/DevEcoProjects/ColorOfToday/entry/src/main/ets/pages/TimePalette.ets:148:36
[39m
[39m
[31m479 ERROR: [31m10505001 ArkTS Compiler Error
Error Message: Object is possibly 'undefined'. At File: D:/DevEcoProjects/ColorOfToday/entry/src/main/ets/pages/TimePalette.ets:150:7
[39m
[39m
[31m480 ERROR: [31m10505001 ArkTS Compiler Error
Error Message: Object is possibly 'undefined'. At File: D:/DevEcoProjects/ColorOfToday/entry/src/main/ets/pages/TimePalette.ets:150:24
[39m
[39m
[31m481 ERROR: [31m10505001 ArkTS Compiler Error
Error Message: Object is possibly 'undefined'. At File: D:/DevEcoProjects/ColorOfToday/entry/src/main/ets/pages/TimePalette.ets:150:38
[39m
[39m
[31m482 ERROR: [31m10505001 ArkTS Compiler Error
Error Message: Object is possibly 'undefined'. At File: D:/DevEcoProjects/ColorOfToday/entry/src/main/ets/pages/TimePalette.ets:152:7
[39m
[39m
[31m483 ERROR: [31m10505001 ArkTS Compiler Error
Error Message: Cannot find name 'private'. At File: D:/DevEcoProjects/ColorOfToday/entry/src/main/ets/pages/TimePalette.ets:156:3
[39m
[39m
[31m484 ERROR: [31m10505001 ArkTS Compiler Error
Error Message: Cannot find name 'photosOf'. At File: D:/DevEcoProjects/ColorOfToday/entry/src/main/ets/pages/TimePalette.ets:156:11
[39m
[39m
[31m485 ERROR: [31m10505001 ArkTS Compiler Error
Error Message: Cannot find name 'dateKey'. At File: D:/DevEcoProjects/ColorOfToday/entry/src/main/ets/pages/TimePalette.ets:156:20
[39m
[39m
[31m486 ERROR: [31m10505001 ArkTS Compiler Error
Error Message: 'string' only refers to a type, but is being used as a value here. At File: D:/DevEcoProjects/ColorOfToday/entry/src/main/ets/pages/TimePalette.ets:156:29
[39m
[39m
[31m487 ERROR: [31m10505001 ArkTS Compiler Error
Error Message: 'PhotoInfo' only refers to a type, but is being used as a value here. At File: D:/DevEcoProjects/ColorOfToday/entry/src/main/ets/pages/TimePalette.ets:156:38
[39m
[39m
[31m488 ERROR: [31m10505001 ArkTS Compiler Error
Error Message: Object is possibly 'undefined'. At File: D:/DevEcoProjects/ColorOfToday/entry/src/main/ets/pages/TimePalette.ets:157:17
[39m
[39m
[31m489 ERROR: [31m10505001 ArkTS Compiler Error
Error Message: Cannot find name 'dateKey'. At File: D:/DevEcoProjects/ColorOfToday/entry/src/main/ets/pages/TimePalette.ets:157:38
[39m
[39m
[31m490 ERROR: [31m10505001 ArkTS Compiler Error
Error Message: Cannot find name 'selectDay'. At File: D:/DevEcoProjects/ColorOfToday/entry/src/main/ets/pages/TimePalette.ets:161:11
[39m
[39m
[31m491 ERROR: [31m10505001 ArkTS Compiler Error
Error Message: Cannot find name 'cell'. At File: D:/DevEcoProjects/ColorOfToday/entry/src/main/ets/pages/TimePalette.ets:161:21
[39m
[39m
[31m492 ERROR: [31m10505001 ArkTS Compiler Error
Error Message: 'GridCell' only refers to a type, but is being used as a value here. At File: D:/DevEcoProjects/ColorOfToday/entry/src/main/ets/pages/TimePalette.ets:161:27
[39m
[39m
[31m493 ERROR: [31m10505001 ArkTS Compiler Error
Error Message: Object is possibly 'undefined'. At File: D:/DevEcoProjects/ColorOfToday/entry/src/main/ets/pages/TimePalette.ets:165:5
[39m
[39m
[31m494 ERROR: [31m10505001 ArkTS Compiler Error
Error Message: Cannot find name 'cell'. At File: D:/DevEcoProjects/ColorOfToday/entry/src/main/ets/pages/TimePalette.ets:165:24
[39m
[39m
[31m495 ERROR: [31m10505001 ArkTS Compiler Error
Error Message: Object is possibly 'undefined'. At File: D:/DevEcoProjects/ColorOfToday/entry/src/main/ets/pages/TimePalette.ets:166:5
[39m
[39m
[31m496 ERROR: [31m10505001 ArkTS Compiler Error
Error Message: Object is possibly 'undefined'. At File: D:/DevEcoProjects/ColorOfToday/entry/src/main/ets/pages/TimePalette.ets:166:22
[39m
[39m
[31m497 ERROR: [31m10505001 ArkTS Compiler Error
Error Message: Cannot find name 'cell'. At File: D:/DevEcoProjects/ColorOfToday/entry/src/main/ets/pages/TimePalette.ets:166:36
[39m
[39m
[31m498 ERROR: [31m10505001 ArkTS Compiler Error
Error Message: Cannot find name 'selectedLabel'. At File: D:/DevEcoProjects/ColorOfToday/entry/src/main/ets/pages/TimePalette.ets:170:11
[39m
[39m
[31m499 ERROR: [31m10505001 ArkTS Compiler Error
Error Message: 'string' only refers to a type, but is being used as a value here. At File: D:/DevEcoProjects/ColorOfToday/entry/src/main/ets/pages/TimePalette.ets:170:28
[39m
[39m
[31m500 ERROR: [31m10505001 ArkTS Compiler Error
Error Message: Object is possibly 'undefined'. At File: D:/DevEcoProjects/ColorOfToday/entry/src/main/ets/pages/TimePalette.ets:171:9
[39m
[39m
[31m501 ERROR: [31m10505001 ArkTS Compiler Error
Error Message: Object is possibly 'undefined'. At File: D:/DevEcoProjects/ColorOfToday/entry/src/main/ets/pages/TimePalette.ets:174:15
[39m
[39m
[31m502 ERROR: [31m10505001 ArkTS Compiler Error
Error Message: Object is possibly 'undefined'. At File: D:/DevEcoProjects/ColorOfToday/entry/src/main/ets/pages/TimePalette.ets:175:15
[39m
[39m
[31m503 ERROR: [31m10505001 ArkTS Compiler Error
Error Message: Cannot find name 'async'. At File: D:/DevEcoProjects/ColorOfToday/entry/src/main/ets/pages/TimePalette.ets:179:11
[39m
[39m
[31m504 ERROR: [31m10505001 ArkTS Compiler Error
Error Message: Cannot find name 'doExport'. At File: D:/DevEcoProjects/ColorOfToday/entry/src/main/ets/pages/TimePalette.ets:179:17
[39m
[39m
[31m505 ERROR: [31m10505001 ArkTS Compiler Error
Error Message: Operator '>' cannot be applied to types 'boolean' and '{ if(this: any): any; "": any; }'. At File: D:/DevEcoProjects/ColorOfToday/entry/src/main/ets/pages/TimePalette.ets:179:29
[39m
[39m
[31m506 ERROR: [31m10505001 ArkTS Compiler Error
Error Message: Object is possibly 'undefined'. At File: D:/DevEcoProjects/ColorOfToday/entry/src/main/ets/pages/TimePalette.ets:179:37
[39m
[39m
[31m507 ERROR: [31m10505001 ArkTS Compiler Error
Error Message: Object is possibly 'undefined'. At File: D:/DevEcoProjects/ColorOfToday/entry/src/main/ets/pages/TimePalette.ets:183:5
[39m
[39m
[31m508 ERROR: [31m10505001 ArkTS Compiler Error
Error Message: Object is possibly 'undefined'. At File: D:/DevEcoProjects/ColorOfToday/entry/src/main/ets/pages/TimePalette.ets:185:21
[39m
[39m
[31m509 ERROR: [31m10505001 ArkTS Compiler Error
Error Message: Object is possibly 'undefined'. At File: D:/DevEcoProjects/ColorOfToday/entry/src/main/ets/pages/TimePalette.ets:190:7
[39m
[39m
[31m510 ERROR: [31m10505001 ArkTS Compiler Error
Error Message: Object is possibly 'undefined'. At File: D:/DevEcoProjects/ColorOfToday/entry/src/main/ets/pages/TimePalette.ets:190:47
[39m
[39m
[31m511 ERROR: [31m10505001 ArkTS Compiler Error
Error Message: Object is possibly 'undefined'. At File: D:/DevEcoProjects/ColorOfToday/entry/src/main/ets/pages/TimePalette.ets:191:7
[39m
[39m
[31m512 ERROR: [31m10505001 ArkTS Compiler Error
Error Message: Object is possibly 'undefined'. At File: D:/DevEcoProjects/ColorOfToday/entry/src/main/ets/pages/TimePalette.ets:195:7
[39m
[39m
[31m513 ERROR: [31m10505001 ArkTS Compiler Error
Error Message: Cannot find name 'async'. At File: D:/DevEcoProjects/ColorOfToday/entry/src/main/ets/pages/TimePalette.ets:199:11
[39m
[39m
[31m514 ERROR: [31m10505001 ArkTS Compiler Error
Error Message: Cannot find name 'saveExportToAlbum'. At File: D:/DevEcoProjects/ColorOfToday/entry/src/main/ets/pages/TimePalette.ets:199:17
[39m
[39m
[31m515 ERROR: [31m10505001 ArkTS Compiler Error
Error Message: Operator '>' cannot be applied to types 'boolean' and '{ if(this: any): any; "": boolean; }'. At File: D:/DevEcoProjects/ColorOfToday/entry/src/main/ets/pages/TimePalette.ets:199:38
[39m
[39m
[31m516 ERROR: [31m10505001 ArkTS Compiler Error
Error Message: Object is possibly 'undefined'. At File: D:/DevEcoProjects/ColorOfToday/entry/src/main/ets/pages/TimePalette.ets:199:46
[39m
[39m
[31m517 ERROR: [31m10505001 ArkTS Compiler Error
Error Message: Object is possibly 'undefined'. At File: D:/DevEcoProjects/ColorOfToday/entry/src/main/ets/pages/TimePalette.ets:207:57
[39m
[39m
[31m518 ERROR: [31m10505001 ArkTS Compiler Error
Error Message: Object is possibly 'undefined'. At File: D:/DevEcoProjects/ColorOfToday/entry/src/main/ets/pages/TimePalette.ets:214:38
[39m
[39m
[31m519 ERROR: [31m10505001 ArkTS Compiler Error
Error Message: Cannot find name 'cellTextColor'. At File: D:/DevEcoProjects/ColorOfToday/entry/src/main/ets/pages/TimePalette.ets:230:11
[39m
[39m
[31m520 ERROR: [31m10505001 ArkTS Compiler Error
Error Message: 'string' only refers to a type, but is being used as a value here. At File: D:/DevEcoProjects/ColorOfToday/entry/src/main/ets/pages/TimePalette.ets:230:30
[39m
[39m
[31m521 ERROR: [31m10505001 ArkTS Compiler Error
Error Message: 'string' only refers to a type, but is being used as a value here. At File: D:/DevEcoProjects/ColorOfToday/entry/src/main/ets/pages/TimePalette.ets:230:39
[39m
[39m
[31m522 ERROR: [31m10505001 ArkTS Compiler Error
Error Message: Cannot find name 'build'. At File: D:/DevEcoProjects/ColorOfToday/entry/src/main/ets/pages/TimePalette.ets:236:3
[39m
[39m
[31m523 ERROR: [31m10905236 ArkTS Compiler Error
Error Message: UI component 'Stack' cannot be used in this place. At File: D:/DevEcoProjects/ColorOfToday/entry/src/main/ets/pages/TimePalette.ets:237:5
[39m
[39m
[31m524 ERROR: [31m10905236 ArkTS Compiler Error
Error Message: UI component 'Column' cannot be used in this place. At File: D:/DevEcoProjects/ColorOfToday/entry/src/main/ets/pages/TimePalette.ets:238:7
[39m
[39m
[31m525 ERROR: [31m10905236 ArkTS Compiler Error
Error Message: UI component 'Row' cannot be used in this place. At File: D:/DevEcoProjects/ColorOfToday/entry/src/main/ets/pages/TimePalette.ets:240:9
[39m
[39m
[31m526 ERROR: [31m10905236 ArkTS Compiler Error
Error Message: UI component 'Text' cannot be used in this place. At File: D:/DevEcoProjects/ColorOfToday/entry/src/main/ets/pages/TimePalette.ets:241:11
[39m
[39m
[31m527 ERROR: [31m10905236 ArkTS Compiler Error
Error Message: UI component 'Blank' cannot be used in this place. At File: D:/DevEcoProjects/ColorOfToday/entry/src/main/ets/pages/TimePalette.ets:250:11
[39m
[39m
[31m528 ERROR: [31m10905236 ArkTS Compiler Error
Error Message: UI component 'Text' cannot be used in this place. At File: D:/DevEcoProjects/ColorOfToday/entry/src/main/ets/pages/TimePalette.ets:251:11
[39m
[39m
[31m529 ERROR: [31m10505001 ArkTS Compiler Error
Error Message: Object is possibly 'undefined'. At File: D:/DevEcoProjects/ColorOfToday/entry/src/main/ets/pages/TimePalette.ets:258:15
[39m
[39m
[31m530 ERROR: [31m10505001 ArkTS Compiler Error
Error Message: Object is possibly 'undefined'. At File: D:/DevEcoProjects/ColorOfToday/entry/src/main/ets/pages/TimePalette.ets:259:15
[39m
[39m
[31m531 ERROR: [31m10905236 ArkTS Compiler Error
Error Message: UI component 'Text' cannot be used in this place. At File: D:/DevEcoProjects/ColorOfToday/entry/src/main/ets/pages/TimePalette.ets:261:11
[39m
[39m
[31m532 ERROR: [31m10505001 ArkTS Compiler Error
Error Message: Object is possibly 'undefined'. At File: D:/DevEcoProjects/ColorOfToday/entry/src/main/ets/pages/TimePalette.ets:261:16
[39m
[39m
[31m533 ERROR: [31m10905236 ArkTS Compiler Error
Error Message: UI component 'Text' cannot be used in this place. At File: D:/DevEcoProjects/ColorOfToday/entry/src/main/ets/pages/TimePalette.ets:265:11
[39m
[39m
[31m534 ERROR: [31m10505001 ArkTS Compiler Error
Error Message: Object is possibly 'undefined'. At File: D:/DevEcoProjects/ColorOfToday/entry/src/main/ets/pages/TimePalette.ets:272:15
[39m
[39m
[31m535 ERROR: [31m10505001 ArkTS Compiler Error
Error Message: Object is possibly 'undefined'. At File: D:/DevEcoProjects/ColorOfToday/entry/src/main/ets/pages/TimePalette.ets:273:15
[39m
[39m
[31m536 ERROR: [31m10905236 ArkTS Compiler Error
Error Message: UI component 'Blank' cannot be used in this place. At File: D:/DevEcoProjects/ColorOfToday/entry/src/main/ets/pages/TimePalette.ets:275:11
[39m
[39m
[31m537 ERROR: [31m10905236 ArkTS Compiler Error
Error Message: UI component 'Text' cannot be used in this place. At File: D:/DevEcoProjects/ColorOfToday/entry/src/main/ets/pages/TimePalette.ets:276:11
[39m
[39m
[31m538 ERROR: [31m10505001 ArkTS Compiler Error
Error Message: Object is possibly 'undefined'. At File: D:/DevEcoProjects/ColorOfToday/entry/src/main/ets/pages/TimePalette.ets:282:22
[39m
[39m
[31m539 ERROR: [31m10505001 ArkTS Compiler Error
Error Message: Object is possibly 'undefined'. At File: D:/DevEcoProjects/ColorOfToday/entry/src/main/ets/pages/TimePalette.ets:284:15
[39m
[39m
[31m540 ERROR: [31m10505001 ArkTS Compiler Error
Error Message: Cannot find name 'width'. At File: D:/DevEcoProjects/ColorOfToday/entry/src/main/ets/pages/TimePalette.ets:287:10
[39m
[39m
[31m541 ERROR: [31m10505001 ArkTS Compiler Error
Error Message: Object is possibly 'undefined'. At File: D:/DevEcoProjects/ColorOfToday/entry/src/main/ets/pages/TimePalette.ets:291:13
[39m
[39m
[31m542 ERROR: [31m10905236 ArkTS Compiler Error
Error Message: UI component 'Column' cannot be used in this place. At File: D:/DevEcoProjects/ColorOfToday/entry/src/main/ets/pages/TimePalette.ets:292:11
[39m
[39m
[31m543 ERROR: [31m10905236 ArkTS Compiler Error
Error Message: UI component 'LoadingProgress' cannot be used in this place. At File: D:/DevEcoProjects/ColorOfToday/entry/src/main/ets/pages/TimePalette.ets:293:13
[39m
[39m
[31m544 ERROR: [31m10905236 ArkTS Compiler Error
Error Message: UI component 'Text' cannot be used in this place. At File: D:/DevEcoProjects/ColorOfToday/entry/src/main/ets/pages/TimePalette.ets:294:13
[39m
[39m
[31m545 ERROR: [31m10505001 ArkTS Compiler Error
Error Message: Cannot find name 'width'. At File: D:/DevEcoProjects/ColorOfToday/entry/src/main/ets/pages/TimePalette.ets:296:12
[39m
[39m
[31m546 ERROR: [31m10905236 ArkTS Compiler Error
Error Message: UI component 'Scroll' cannot be used in this place. At File: D:/DevEcoProjects/ColorOfToday/entry/src/main/ets/pages/TimePalette.ets:300:11
[39m
[39m
[31m547 ERROR: [31m10905236 ArkTS Compiler Error
Error Message: UI component 'Column' cannot be used in this place. At File: D:/DevEcoProjects/ColorOfToday/entry/src/main/ets/pages/TimePalette.ets:301:13
[39m
[39m
[31m548 ERROR: [31m10905236 ArkTS Compiler Error
Error Message: UI component 'Column' cannot be used in this place. At File: D:/DevEcoProjects/ColorOfToday/entry/src/main/ets/pages/TimePalette.ets:303:15
[39m
[39m
[31m549 ERROR: [31m10905236 ArkTS Compiler Error
Error Message: UI component 'Row' cannot be used in this place. At File: D:/DevEcoProjects/ColorOfToday/entry/src/main/ets/pages/TimePalette.ets:304:17
[39m
[39m
[31m550 ERROR: [31m10905236 ArkTS Compiler Error
Error Message: UI component 'Column' cannot be used in this place. At File: D:/DevEcoProjects/ColorOfToday/entry/src/main/ets/pages/TimePalette.ets:305:19
[39m
[39m
[31m551 ERROR: [31m10905236 ArkTS Compiler Error
Error Message: UI component 'Text' cannot be used in this place. At File: D:/DevEcoProjects/ColorOfToday/entry/src/main/ets/pages/TimePalette.ets:310:19
[39m
[39m
[31m552 ERROR: [31m10505001 ArkTS Compiler Error
Error Message: Object is possibly 'undefined'. At File: D:/DevEcoProjects/ColorOfToday/entry/src/main/ets/pages/TimePalette.ets:310:24
[39m
[39m
[31m553 ERROR: [31m10905236 ArkTS Compiler Error
Error Message: UI component 'Blank' cannot be used in this place. At File: D:/DevEcoProjects/ColorOfToday/entry/src/main/ets/pages/TimePalette.ets:314:19
[39m
[39m
[31m554 ERROR: [31m10905236 ArkTS Compiler Error
Error Message: UI component 'Text' cannot be used in this place. At File: D:/DevEcoProjects/ColorOfToday/entry/src/main/ets/pages/TimePalette.ets:315:19
[39m
[39m
[31m555 ERROR: [31m10505001 ArkTS Compiler Error
Error Message: Cannot find name 'width'. At File: D:/DevEcoProjects/ColorOfToday/entry/src/main/ets/pages/TimePalette.ets:319:18
[39m
[39m
[31m556 ERROR: [31m10905236 ArkTS Compiler Error
Error Message: UI component 'Row' cannot be used in this place. At File: D:/DevEcoProjects/ColorOfToday/entry/src/main/ets/pages/TimePalette.ets:321:17
[39m
[39m
[31m557 ERROR: [31m10905236 ArkTS Compiler Error
Error Message: UI component 'Text' cannot be used in this place. At File: D:/DevEcoProjects/ColorOfToday/entry/src/main/ets/pages/TimePalette.ets:323:21
[39m
[39m
[31m558 ERROR: [31m10505001 ArkTS Compiler Error
Error Message: Cannot find name 'width'. At File: D:/DevEcoProjects/ColorOfToday/entry/src/main/ets/pages/TimePalette.ets:330:18
[39m
[39m
[31m559 ERROR: [31m10905236 ArkTS Compiler Error
Error Message: UI component 'Grid' cannot be used in this place. At File: D:/DevEcoProjects/ColorOfToday/entry/src/main/ets/pages/TimePalette.ets:332:17
[39m
[39m
[31m560 ERROR: [31m10505001 ArkTS Compiler Error
Error Message: Object is possibly 'undefined'. At File: D:/DevEcoProjects/ColorOfToday/entry/src/main/ets/pages/TimePalette.ets:333:27
[39m
[39m
[31m561 ERROR: [31m10905236 ArkTS Compiler Error
Error Message: UI component 'GridItem' cannot be used in this place. At File: D:/DevEcoProjects/ColorOfToday/entry/src/main/ets/pages/TimePalette.ets:334:21
[39m
[39m
[31m562 ERROR: [31m10905236 ArkTS Compiler Error
Error Message: UI component 'Column' cannot be used in this place. At File: D:/DevEcoProjects/ColorOfToday/entry/src/main/ets/pages/TimePalette.ets:336:25
[39m
[39m
[31m563 ERROR: [31m10905236 ArkTS Compiler Error
Error Message: UI component 'Column' cannot be used in this place. At File: D:/DevEcoProjects/ColorOfToday/entry/src/main/ets/pages/TimePalette.ets:338:25
[39m
[39m
[31m564 ERROR: [31m10905236 ArkTS Compiler Error
Error Message: UI component 'Text' cannot be used in this place. At File: D:/DevEcoProjects/ColorOfToday/entry/src/main/ets/pages/TimePalette.ets:339:27
[39m
[39m
[31m565 ERROR: [31m10505001 ArkTS Compiler Error
Error Message: Cannot find name 'width'. At File: D:/DevEcoProjects/ColorOfToday/entry/src/main/ets/pages/TimePalette.ets:343:26
[39m
[39m
[31m566 ERROR: [31m10505001 ArkTS Compiler Error
Error Message: Object is possibly 'undefined'. At File: D:/DevEcoProjects/ColorOfToday/entry/src/main/ets/pages/TimePalette.ets:349:27
[39m
[39m
[31m567 ERROR: [31m10905236 ArkTS Compiler Error
Error Message: UI component 'Stack' cannot be used in this place. At File: D:/DevEcoProjects/ColorOfToday/entry/src/main/ets/pages/TimePalette.ets:352:25
[39m
[39m
[31m568 ERROR: [31m10905236 ArkTS Compiler Error
Error Message: UI component 'Column' cannot be used in this place. At File: D:/DevEcoProjects/ColorOfToday/entry/src/main/ets/pages/TimePalette.ets:353:27
[39m
[39m
[31m569 ERROR: [31m10905236 ArkTS Compiler Error
Error Message: UI component 'Text' cannot be used in this place. At File: D:/DevEcoProjects/ColorOfToday/entry/src/main/ets/pages/TimePalette.ets:357:27
[39m
[39m
[31m570 ERROR: [31m10505001 ArkTS Compiler Error
Error Message: Object is possibly 'undefined'. At File: D:/DevEcoProjects/ColorOfToday/entry/src/main/ets/pages/TimePalette.ets:360:40
[39m
[39m
[31m571 ERROR: [31m10505001 ArkTS Compiler Error
Error Message: Cannot find name 'width'. At File: D:/DevEcoProjects/ColorOfToday/entry/src/main/ets/pages/TimePalette.ets:362:26
[39m
[39m
[31m572 ERROR: [31m10505001 ArkTS Compiler Error
Error Message: Object is possibly 'undefined'. At File: D:/DevEcoProjects/ColorOfToday/entry/src/main/ets/pages/TimePalette.ets:366:34
[39m
[39m
[31m573 ERROR: [31m10505001 ArkTS Compiler Error
Error Message: Object is possibly 'undefined'. At File: D:/DevEcoProjects/ColorOfToday/entry/src/main/ets/pages/TimePalette.ets:370:27
[39m
[39m
[31m574 ERROR: [31m10505001 ArkTS Compiler Error
Error Message: Cannot find name 'columnsTemplate'. At File: D:/DevEcoProjects/ColorOfToday/entry/src/main/ets/pages/TimePalette.ets:376:18
[39m
[39m
[31m575 ERROR: [31m10505001 ArkTS Compiler Error
Error Message: Cannot find name 'padding'. At File: D:/DevEcoProjects/ColorOfToday/entry/src/main/ets/pages/TimePalette.ets:381:16
[39m
[39m
[31m576 ERROR: [31m10505001 ArkTS Compiler Error
Error Message: Object is possibly 'undefined'. At File: D:/DevEcoProjects/ColorOfToday/entry/src/main/ets/pages/TimePalette.ets:387:19
[39m
[39m
[31m577 ERROR: [31m10505001 ArkTS Compiler Error
Error Message: Object is possibly 'undefined'. At File: D:/DevEcoProjects/ColorOfToday/entry/src/main/ets/pages/TimePalette.ets:387:46
[39m
[39m
[31m578 ERROR: [31m10905236 ArkTS Compiler Error
Error Message: UI component 'Column' cannot be used in this place. At File: D:/DevEcoProjects/ColorOfToday/entry/src/main/ets/pages/TimePalette.ets:388:17
[39m
[39m
[31m579 ERROR: [31m10905236 ArkTS Compiler Error
Error Message: UI component 'Text' cannot be used in this place. At File: D:/DevEcoProjects/ColorOfToday/entry/src/main/ets/pages/TimePalette.ets:389:19
[39m
[39m
[31m580 ERROR: [31m10505001 ArkTS Compiler Error
Error Message: Object is possibly 'undefined'. At File: D:/DevEcoProjects/ColorOfToday/entry/src/main/ets/pages/TimePalette.ets:389:24
[39m
[39m
[31m581 ERROR: [31m10905236 ArkTS Compiler Error
Error Message: UI component 'Scroll' cannot be used in this place. At File: D:/DevEcoProjects/ColorOfToday/entry/src/main/ets/pages/TimePalette.ets:392:19
[39m
[39m
[31m582 ERROR: [31m10905236 ArkTS Compiler Error
Error Message: UI component 'Row' cannot be used in this place. At File: D:/DevEcoProjects/ColorOfToday/entry/src/main/ets/pages/TimePalette.ets:393:21
[39m
[39m
[31m583 ERROR: [31m10505001 ArkTS Compiler Error
Error Message: Object is possibly 'undefined'. At File: D:/DevEcoProjects/ColorOfToday/entry/src/main/ets/pages/TimePalette.ets:394:31
[39m
[39m
[31m584 ERROR: [31m10905236 ArkTS Compiler Error
Error Message: UI component 'Image' cannot be used in this place. At File: D:/DevEcoProjects/ColorOfToday/entry/src/main/ets/pages/TimePalette.ets:395:25
[39m
[39m
[31m585 ERROR: [31m10505001 ArkTS Compiler Error
Error Message: Cannot find name 'scrollable'. At File: D:/DevEcoProjects/ColorOfToday/entry/src/main/ets/pages/TimePalette.ets:403:20
[39m
[39m
[31m586 ERROR: [31m10505001 ArkTS Compiler Error
Error Message: Cannot find name 'width'. At File: D:/DevEcoProjects/ColorOfToday/entry/src/main/ets/pages/TimePalette.ets:407:18
[39m
[39m
[31m587 ERROR: [31m10905236 ArkTS Compiler Error
Error Message: UI component 'Text' cannot be used in this place. At File: D:/DevEcoProjects/ColorOfToday/entry/src/main/ets/pages/TimePalette.ets:411:15
[39m
[39m
[31m588 ERROR: [31m10505001 ArkTS Compiler Error
Error Message: Cannot find name 'padding'. At File: D:/DevEcoProjects/ColorOfToday/entry/src/main/ets/pages/TimePalette.ets:417:14
[39m
[39m
[31m589 ERROR: [31m10505001 ArkTS Compiler Error
Error Message: Cannot find name 'layoutWeight'. At File: D:/DevEcoProjects/ColorOfToday/entry/src/main/ets/pages/TimePalette.ets:419:12
[39m
[39m
[31m590 ERROR: [31m10505001 ArkTS Compiler Error
Error Message: Cannot find name 'width'. At File: D:/DevEcoProjects/ColorOfToday/entry/src/main/ets/pages/TimePalette.ets:424:8
[39m
[39m
[31m591 ERROR: [31m10505001 ArkTS Compiler Error
Error Message: Object is possibly 'undefined'. At File: D:/DevEcoProjects/ColorOfToday/entry/src/main/ets/pages/TimePalette.ets:427:18
[39m
[39m
[31m592 ERROR: [31m10505001 ArkTS Compiler Error
Error Message: Object is possibly 'undefined'. At File: D:/DevEcoProjects/ColorOfToday/entry/src/main/ets/pages/TimePalette.ets:428:25
[39m
[39m
[31m593 ERROR: [31m10505001 ArkTS Compiler Error
Error Message: Object is possibly 'undefined'. At File: D:/DevEcoProjects/ColorOfToday/entry/src/main/ets/pages/TimePalette.ets:431:11
[39m
[39m
[31m594 ERROR: [31m10505001 ArkTS Compiler Error
Error Message: Object is possibly 'undefined'. At File: D:/DevEcoProjects/ColorOfToday/entry/src/main/ets/pages/TimePalette.ets:431:30
[39m
[39m
[31m595 ERROR: [31m10905236 ArkTS Compiler Error
Error Message: UI component 'Stack' cannot be used in this place. At File: D:/DevEcoProjects/ColorOfToday/entry/src/main/ets/pages/TimePalette.ets:432:9
[39m
[39m
[31m596 ERROR: [31m10905236 ArkTS Compiler Error
Error Message: UI component 'Column' cannot be used in this place. At File: D:/DevEcoProjects/ColorOfToday/entry/src/main/ets/pages/TimePalette.ets:433:11
[39m
[39m
[31m597 ERROR: [31m10505001 ArkTS Compiler Error
Error Message: Object is possibly 'undefined'. At File: D:/DevEcoProjects/ColorOfToday/entry/src/main/ets/pages/TimePalette.ets:438:15
[39m
[39m
[31m598 ERROR: [31m10905236 ArkTS Compiler Error
Error Message: UI component 'Column' cannot be used in this place. At File: D:/DevEcoProjects/ColorOfToday/entry/src/main/ets/pages/TimePalette.ets:441:11
[39m
[39m
[31m599 ERROR: [31m10905236 ArkTS Compiler Error
Error Message: UI component 'Image' cannot be used in this place. At File: D:/DevEcoProjects/ColorOfToday/entry/src/main/ets/pages/TimePalette.ets:442:13
[39m
[39m
[31m600 ERROR: [31m10505001 ArkTS Compiler Error
Error Message: Object is possibly 'undefined'. At File: D:/DevEcoProjects/ColorOfToday/entry/src/main/ets/pages/TimePalette.ets:442:19
[39m
[39m
[31m601 ERROR: [31m10905236 ArkTS Compiler Error
Error Message: UI component 'Row' cannot be used in this place. At File: D:/DevEcoProjects/ColorOfToday/entry/src/main/ets/pages/TimePalette.ets:446:13
[39m
[39m
[31m602 ERROR: [31m10905236 ArkTS Compiler Error
Error Message: UI component 'SaveButton' cannot be used in this place. At File: D:/DevEcoProjects/ColorOfToday/entry/src/main/ets/pages/TimePalette.ets:447:15
[39m
[39m
[31m603 ERROR: [31m10505001 ArkTS Compiler Error
Error Message: Object is possibly 'undefined'. At File: D:/DevEcoProjects/ColorOfToday/entry/src/main/ets/pages/TimePalette.ets:450:21
[39m
[39m
[31m604 ERROR: [31m10905236 ArkTS Compiler Error
Error Message: UI component 'Text' cannot be used in this place. At File: D:/DevEcoProjects/ColorOfToday/entry/src/main/ets/pages/TimePalette.ets:455:15
[39m
[39m
[31m605 ERROR: [31m10505001 ArkTS Compiler Error
Error Message: Object is possibly 'undefined'. At File: D:/DevEcoProjects/ColorOfToday/entry/src/main/ets/pages/TimePalette.ets:464:19
[39m
[39m
[31m606 ERROR: [31m10505001 ArkTS Compiler Error
Error Message: Cannot find name 'justifyContent'. At File: D:/DevEcoProjects/ColorOfToday/entry/src/main/ets/pages/TimePalette.ets:468:12
[39m
[39m
[31m607 ERROR: [31m10505001 ArkTS Compiler Error
Error Message: Cannot find name 'width'. At File: D:/DevEcoProjects/ColorOfToday/entry/src/main/ets/pages/TimePalette.ets:470:10
[39m
[39m
[31m608 ERROR: [31m10505001 ArkTS Compiler Error
Error Message: Cannot find name 'width'. At File: D:/DevEcoProjects/ColorOfToday/entry/src/main/ets/pages/TimePalette.ets:474:6
[39m
[39m
[31m609 ERROR: [31m10505001 ArkTS Compiler Error
Error Message: Property 'load' does not exist on type 'Collection'. At File: D:/DevEcoProjects/ColorOfToday/entry/src/main/ets/pages/Collection.ets:149:10
[39m
[39m
[31m610 ERROR: [31m10505001 ArkTS Compiler Error
Error Message: Left side of comma operator is unused and has no side effects. At File: D:/DevEcoProjects/ColorOfToday/entry/src/main/ets/pages/Collection.ets:151:16
[39m
[39m
[31m611 ERROR: [31m10505001 ArkTS Compiler Error
Error Message: Object is possibly 'undefined'. At File: D:/DevEcoProjects/ColorOfToday/entry/src/main/ets/pages/Collection.ets:153:9
[39m
[39m
[31m612 ERROR: [31m10505001 ArkTS Compiler Error
Error Message: Cannot find name 'async'. At File: D:/DevEcoProjects/ColorOfToday/entry/src/main/ets/pages/Collection.ets:157:11
[39m
[39m
[31m613 ERROR: [31m10505001 ArkTS Compiler Error
Error Message: Cannot find name 'load'. At File: D:/DevEcoProjects/ColorOfToday/entry/src/main/ets/pages/Collection.ets:157:17
[39m
[39m
[31m614 ERROR: [31m10505001 ArkTS Compiler Error
Error Message: Operator '>' cannot be applied to types 'boolean' and '{ const: CollectionData; await: Promise<void>; this: string; }'. At File: D:/DevEcoProjects/ColorOfToday/entry/src/main/ets/pages/Collection.ets:157:25
[39m
[39m
[31m615 ERROR: [31m10505001 ArkTS Compiler Error
Error Message: Object is possibly 'undefined'. At File: D:/DevEcoProjects/ColorOfToday/entry/src/main/ets/pages/Collection.ets:157:33
[39m
[39m
[31m616 ERROR: [31m10505001 ArkTS Compiler Error
Error Message: Cannot find name 'context'. At File: D:/DevEcoProjects/ColorOfToday/entry/src/main/ets/pages/Collection.ets:158:11
[39m
[39m
[31m617 ERROR: [31m10505001 ArkTS Compiler Error
Error Message: Cannot find name 'context'. At File: D:/DevEcoProjects/ColorOfToday/entry/src/main/ets/pages/Collection.ets:159:39
[39m
[39m
[31m618 ERROR: [31m10505001 ArkTS Compiler Error
Error Message: Cannot find name 'data'. At File: D:/DevEcoProjects/ColorOfToday/entry/src/main/ets/pages/Collection.ets:160:11
[39m
[39m
[31m619 ERROR: [31m10505001 ArkTS Compiler Error
Error Message: Cannot find name 'context'. At File: D:/DevEcoProjects/ColorOfToday/entry/src/main/ets/pages/Collection.ets:160:57
[39m
[39m
[31m620 ERROR: [31m10505001 ArkTS Compiler Error
Error Message: Cannot find name 'data'. At File: D:/DevEcoProjects/ColorOfToday/entry/src/main/ets/pages/Collection.ets:161:19
[39m
[39m
[31m621 ERROR: [31m10505001 ArkTS Compiler Error
Error Message: Cannot find name 'data'. At File: D:/DevEcoProjects/ColorOfToday/entry/src/main/ets/pages/Collection.ets:162:21
[39m
[39m
[31m622 ERROR: [31m10505001 ArkTS Compiler Error
Error Message: Object is possibly 'undefined'. At File: D:/DevEcoProjects/ColorOfToday/entry/src/main/ets/pages/Collection.ets:163:26
[39m
[39m
[31m623 ERROR: [31m10505001 ArkTS Compiler Error
Error Message: Cannot find name 'context'. At File: D:/DevEcoProjects/ColorOfToday/entry/src/main/ets/pages/Collection.ets:164:66
[39m
[39m
[31m624 ERROR: [31m10505001 ArkTS Compiler Error
Error Message: Cannot find name 'private'. At File: D:/DevEcoProjects/ColorOfToday/entry/src/main/ets/pages/Collection.ets:167:3
[39m
[39m
[31m625 ERROR: [31m10505001 ArkTS Compiler Error
Error Message: Cannot find name 'formatDateKey'. At File: D:/DevEcoProjects/ColorOfToday/entry/src/main/ets/pages/Collection.ets:167:11
[39m
[39m
[31m626 ERROR: [31m10505001 ArkTS Compiler Error
Error Message: Cannot find name 'key'. At File: D:/DevEcoProjects/ColorOfToday/entry/src/main/ets/pages/Collection.ets:167:25
[39m
[39m
[31m627 ERROR: [31m10505001 ArkTS Compiler Error
Error Message: 'string' only refers to a type, but is being used as a value here. At File: D:/DevEcoProjects/ColorOfToday/entry/src/main/ets/pages/Collection.ets:167:30
[39m
[39m
[31m628 ERROR: [31m10505001 ArkTS Compiler Error
Error Message: 'string' only refers to a type, but is being used as a value here. At File: D:/DevEcoProjects/ColorOfToday/entry/src/main/ets/pages/Collection.ets:167:39
[39m
[39m
[31m629 ERROR: [31m10505001 ArkTS Compiler Error
Error Message: Cannot find name 'key'. At File: D:/DevEcoProjects/ColorOfToday/entry/src/main/ets/pages/Collection.ets:168:9
[39m
[39m
[31m630 ERROR: [31m10505001 ArkTS Compiler Error
Error Message: Cannot find name 'build'. At File: D:/DevEcoProjects/ColorOfToday/entry/src/main/ets/pages/Collection.ets:174:3
[39m
[39m
[31m631 ERROR: [31m10905236 ArkTS Compiler Error
Error Message: UI component 'Stack' cannot be used in this place. At File: D:/DevEcoProjects/ColorOfToday/entry/src/main/ets/pages/Collection.ets:175:5
[39m
[39m
[31m632 ERROR: [31m10905236 ArkTS Compiler Error
Error Message: UI component 'Column' cannot be used in this place. At File: D:/DevEcoProjects/ColorOfToday/entry/src/main/ets/pages/Collection.ets:176:7
[39m
[39m
[31m633 ERROR: [31m10905236 ArkTS Compiler Error
Error Message: UI component 'Row' cannot be used in this place. At File: D:/DevEcoProjects/ColorOfToday/entry/src/main/ets/pages/Collection.ets:178:9
[39m
[39m
[31m634 ERROR: [31m10905236 ArkTS Compiler Error
Error Message: UI component 'Text' cannot be used in this place. At File: D:/DevEcoProjects/ColorOfToday/entry/src/main/ets/pages/Collection.ets:179:11
[39m
[39m
[31m635 ERROR: [31m10905236 ArkTS Compiler Error
Error Message: UI component 'Text' cannot be used in this place. At File: D:/DevEcoProjects/ColorOfToday/entry/src/main/ets/pages/Collection.ets:188:11
[39m
[39m
[31m636 ERROR: [31m10905236 ArkTS Compiler Error
Error Message: UI component 'Blank' cannot be used in this place. At File: D:/DevEcoProjects/ColorOfToday/entry/src/main/ets/pages/Collection.ets:192:11
[39m
[39m
[31m637 ERROR: [31m10905236 ArkTS Compiler Error
Error Message: UI component 'Text' cannot be used in this place. At File: D:/DevEcoProjects/ColorOfToday/entry/src/main/ets/pages/Collection.ets:193:11
[39m
[39m
[31m638 ERROR: [31m10505001 ArkTS Compiler Error
Error Message: Object is possibly 'undefined'. At File: D:/DevEcoProjects/ColorOfToday/entry/src/main/ets/pages/Collection.ets:193:19
[39m
[39m
[31m639 ERROR: [31m10505001 ArkTS Compiler Error
Error Message: Object is possibly 'undefined'. At File: D:/DevEcoProjects/ColorOfToday/entry/src/main/ets/pages/Collection.ets:193:43
[39m
[39m
[31m640 ERROR: [31m10505001 ArkTS Compiler Error
Error Message: Cannot find name 'width'. At File: D:/DevEcoProjects/ColorOfToday/entry/src/main/ets/pages/Collection.ets:197:10
[39m
[39m
[31m641 ERROR: [31m10905236 ArkTS Compiler Error
Error Message: UI component 'Text' cannot be used in this place. At File: D:/DevEcoProjects/ColorOfToday/entry/src/main/ets/pages/Collection.ets:201:9
[39m
[39m
[31m642 ERROR: [31m10905236 ArkTS Compiler Error
Error Message: UI component 'Grid' cannot be used in this place. At File: D:/DevEcoProjects/ColorOfToday/entry/src/main/ets/pages/Collection.ets:207:9
[39m
[39m
[31m643 ERROR: [31m10505001 ArkTS Compiler Error
Error Message: Object is possibly 'undefined'. At File: D:/DevEcoProjects/ColorOfToday/entry/src/main/ets/pages/Collection.ets:208:19
[39m
[39m
[31m644 ERROR: [31m10905236 ArkTS Compiler Error
Error Message: UI component 'GridItem' cannot be used in this place. At File: D:/DevEcoProjects/ColorOfToday/entry/src/main/ets/pages/Collection.ets:209:13
[39m
[39m
[31m645 ERROR: [31m10505001 ArkTS Compiler Error
Error Message: Object is possibly 'undefined'. At File: D:/DevEcoProjects/ColorOfToday/entry/src/main/ets/pages/Collection.ets:212:27
[39m
[39m
[31m646 ERROR: [31m10505001 ArkTS Compiler Error
Error Message: Object is possibly 'undefined'. At File: D:/DevEcoProjects/ColorOfToday/entry/src/main/ets/pages/Collection.ets:213:27
[39m
[39m
[31m647 ERROR: [31m10505001 ArkTS Compiler Error
Error Message: Object is possibly 'undefined'. At File: D:/DevEcoProjects/ColorOfToday/entry/src/main/ets/pages/Collection.ets:214:24
[39m
[39m
[31m648 ERROR: [31m10505001 ArkTS Compiler Error
Error Message: Object is possibly 'undefined'. At File: D:/DevEcoProjects/ColorOfToday/entry/src/main/ets/pages/Collection.ets:217:23
[39m
[39m
[31m649 ERROR: [31m10505001 ArkTS Compiler Error
Error Message: Object is possibly 'undefined'. At File: D:/DevEcoProjects/ColorOfToday/entry/src/main/ets/pages/Collection.ets:218:21
[39m
[39m
[31m650 ERROR: [31m10505001 ArkTS Compiler Error
Error Message: Object is possibly 'undefined'. At File: D:/DevEcoProjects/ColorOfToday/entry/src/main/ets/pages/Collection.ets:219:21
[39m
[39m
[31m651 ERROR: [31m10505001 ArkTS Compiler Error
Error Message: Object is possibly 'undefined'. At File: D:/DevEcoProjects/ColorOfToday/entry/src/main/ets/pages/Collection.ets:219:40
[39m
[39m
[31m652 ERROR: [31m10505001 ArkTS Compiler Error
Error Message: Cannot find name 'columnsTemplate'. At File: D:/DevEcoProjects/ColorOfToday/entry/src/main/ets/pages/Collection.ets:228:10
[39m
[39m
[31m653 ERROR: [31m10505001 ArkTS Compiler Error
Error Message: Cannot find name 'width'. At File: D:/DevEcoProjects/ColorOfToday/entry/src/main/ets/pages/Collection.ets:235:8
[39m
[39m
[31m654 ERROR: [31m10505001 ArkTS Compiler Error
Error Message: Object is possibly 'undefined'. At File: D:/DevEcoProjects/ColorOfToday/entry/src/main/ets/pages/Collection.ets:238:18
[39m
[39m
[31m655 ERROR: [31m10505001 ArkTS Compiler Error
Error Message: Object is possibly 'undefined'. At File: D:/DevEcoProjects/ColorOfToday/entry/src/main/ets/pages/Collection.ets:239:25
[39m
[39m
[31m656 ERROR: [31m10505001 ArkTS Compiler Error
Error Message: Object is possibly 'undefined'. At File: D:/DevEcoProjects/ColorOfToday/entry/src/main/ets/pages/Collection.ets:242:11
[39m
[39m
[31m657 ERROR: [31m10905236 ArkTS Compiler Error
Error Message: UI component 'Stack' cannot be used in this place. At File: D:/DevEcoProjects/ColorOfToday/entry/src/main/ets/pages/Collection.ets:243:9
[39m
[39m
[31m658 ERROR: [31m10905236 ArkTS Compiler Error
Error Message: UI component 'Column' cannot be used in this place. At File: D:/DevEcoProjects/ColorOfToday/entry/src/main/ets/pages/Collection.ets:244:11
[39m
[39m
[31m659 ERROR: [31m10505001 ArkTS Compiler Error
Error Message: Object is possibly 'undefined'. At File: D:/DevEcoProjects/ColorOfToday/entry/src/main/ets/pages/Collection.ets:249:15
[39m
[39m
[31m660 ERROR: [31m10905236 ArkTS Compiler Error
Error Message: UI component 'Column' cannot be used in this place. At File: D:/DevEcoProjects/ColorOfToday/entry/src/main/ets/pages/Collection.ets:252:11
[39m
[39m
[31m661 ERROR: [31m10505001 ArkTS Compiler Error
Error Message: Object is possibly 'undefined'. At File: D:/DevEcoProjects/ColorOfToday/entry/src/main/ets/pages/Collection.ets:253:33
[39m
[39m
[31m662 ERROR: [31m10905236 ArkTS Compiler Error
Error Message: UI component 'Text' cannot be used in this place. At File: D:/DevEcoProjects/ColorOfToday/entry/src/main/ets/pages/Collection.ets:254:13
[39m
[39m
[31m663 ERROR: [31m10505001 ArkTS Compiler Error
Error Message: Object is possibly 'undefined'. At File: D:/DevEcoProjects/ColorOfToday/entry/src/main/ets/pages/Collection.ets:254:18
[39m
[39m
[31m664 ERROR: [31m10905236 ArkTS Compiler Error
Error Message: UI component 'Text' cannot be used in this place. At File: D:/DevEcoProjects/ColorOfToday/entry/src/main/ets/pages/Collection.ets:259:13
[39m
[39m
[31m665 ERROR: [31m10505001 ArkTS Compiler Error
Error Message: Object is possibly 'undefined'. At File: D:/DevEcoProjects/ColorOfToday/entry/src/main/ets/pages/Collection.ets:259:18
[39m
[39m
[31m666 ERROR: [31m10905236 ArkTS Compiler Error
Error Message: UI component 'Text' cannot be used in this place. At File: D:/DevEcoProjects/ColorOfToday/entry/src/main/ets/pages/Collection.ets:263:13
[39m
[39m
[31m667 ERROR: [31m10505001 ArkTS Compiler Error
Error Message: Object is possibly 'undefined'. At File: D:/DevEcoProjects/ColorOfToday/entry/src/main/ets/pages/Collection.ets:263:18
[39m
[39m
[31m668 ERROR: [31m10505001 ArkTS Compiler Error
Error Message: Object is possibly 'undefined'. At File: D:/DevEcoProjects/ColorOfToday/entry/src/main/ets/pages/Collection.ets:267:17
[39m
[39m
[31m669 ERROR: [31m10905236 ArkTS Compiler Error
Error Message: UI component 'Text' cannot be used in this place. At File: D:/DevEcoProjects/ColorOfToday/entry/src/main/ets/pages/Collection.ets:268:15
[39m
[39m
[31m670 ERROR: [31m10505001 ArkTS Compiler Error
Error Message: Object is possibly 'undefined'. At File: D:/DevEcoProjects/ColorOfToday/entry/src/main/ets/pages/Collection.ets:268:27
[39m
[39m
[31m671 ERROR: [31m10505001 ArkTS Compiler Error
Error Message: Cannot find name 'width'. At File: D:/DevEcoProjects/ColorOfToday/entry/src/main/ets/pages/Collection.ets:273:12
[39m
[39m
[31m672 ERROR: [31m10505001 ArkTS Compiler Error
Error Message: Cannot find name 'width'. At File: D:/DevEcoProjects/ColorOfToday/entry/src/main/ets/pages/Collection.ets:275:10
[39m
[39m
[31m673 ERROR: [31m10505001 ArkTS Compiler Error
Error Message: Cannot find name 'width'. At File: D:/DevEcoProjects/ColorOfToday/entry/src/main/ets/pages/Collection.ets:279:6
[39m
[39m
[31m674 ERROR: [31m10905103 ArkTS Compiler Error
Error Message: The struct 'Gallery' must have at least and at most one 'build' method. At File: D:/DevEcoProjects/ColorOfToday/entry/src/main/ets/pages/Gallery.ets:13:8

* Try the following:
  > A structurally modified page must have at least one and no more than one 'build' method.
[39m
[39m
[31mCOMPILE RESULT:FAIL {ERROR:675 WARN:169}[39m

[31m* Try:
> Run with --stacktrace option to get the stack trace.
> Run with --debug option to get more log output.
[39m
> hvigor [91mERROR: BUILD FAILED in 4 s 496 ms [39m
=== BUILD FAILED ===
